step,optimizer_step,loss_total,loss_video,loss_action,touch_gate_mean_abs
1,0,0.9578418731689453,0.20184552669525146,0.7559964656829834,0.0
10,5,0.6928874254226685,0.18823489546775818,0.5046525597572327,3.8621947169303894e-05
20,10,0.5725067257881165,0.1669287085533142,0.40557804703712463,6.431341171264648e-05
30,15,0.5788707137107849,0.18914459645748138,0.3897261321544647,7.712841033935547e-05
40,20,0.5682960748672485,0.15674401819705963,0.4115520417690277,8.308887481689453e-05
50,25,0.5157551765441895,0.1677619069814682,0.34799325466156006,8.626779163023457e-05
60,30,0.4802839457988739,0.1604592651128769,0.3198246955871582,8.501609408995137e-05
70,35,0.5130226016044617,0.14361751079559326,0.3694050908088684,8.169810462277383e-05
80,40,0.4992157816886902,0.16581392288208008,0.3334018886089325,8.257230365416035e-05
90,45,0.47164052724838257,0.15280218422412872,0.31883835792541504,8.050601172726601e-05
100,50,0.39282724261283875,0.13133254647254944,0.2614946961402893,8.249282836914062e-05
110,55,0.45921269059181213,0.1394798457622528,0.3197328746318817,7.990996527951211e-05
120,60,0.39659368991851807,0.10882358998060226,0.2877701222896576,7.671117782592773e-05
130,65,0.40683358907699585,0.1440822184085846,0.26275137066841125,7.364153861999512e-05
140,70,0.3891155421733856,0.12837208807468414,0.2607434391975403,7.204215216916054e-05
150,75,0.40135037899017334,0.12983813881874084,0.2715122401714325,7.467468822142109e-05
160,80,0.38674667477607727,0.12718066573143005,0.2595660388469696,7.752329111099243e-05
170,85,0.39297136664390564,0.13884176313877106,0.2541295886039734,8.418550714850426e-05
180,90,0.3541187047958374,0.13843759894371033,0.21568110585212708,9.352713823318481e-05
190,95,0.3507731556892395,0.12829522788524628,0.22247791290283203,0.00010138253855984658
200,100,0.35258907079696655,0.12084005773067474,0.231749027967453,0.00010999044025084004
210,105,0.3327823579311371,0.13433673977851868,0.19844558835029602,0.00011419753718655556
220,110,0.30262109637260437,0.11547964066267014,0.18714144825935364,0.00012012322986265644
230,115,0.29751962423324585,0.12800195813179016,0.1695176512002945,0.0001254926173714921
240,120,0.2725885808467865,0.11199668794870377,0.16059190034866333,0.00013276562094688416
250,125,0.27318131923675537,0.11457210034132004,0.15860924124717712,0.00013774260878562927
260,130,0.2636096477508545,0.13667279481887817,0.12693682312965393,0.00014370183635037392
270,135,0.23549246788024902,0.1146552786231041,0.12083718180656433,0.00014998516417108476
280,140,0.22993050515651703,0.11554349213838577,0.11438702046871185,0.00015598037862218916
290,145,0.24268704652786255,0.13754509389400482,0.10514195263385773,0.00016111135482788086
300,150,0.2327699512243271,0.13279962539672852,0.09997034072875977,0.00016541282820980996
310,155,0.22329935431480408,0.1221570074558258,0.10114234685897827,0.00016959509230218828
320,160,0.21705509722232819,0.12233196943998337,0.09472311288118362,0.00017186999320983887
330,165,0.19653204083442688,0.1238536611199379,0.07267837226390839,0.00017505884170532227
340,170,0.18360283970832825,0.12217879295349121,0.06142403557896614,0.00017688672232907265
350,175,0.17675450444221497,0.11439839005470276,0.062356121838092804,0.00017885367560666054
360,180,0.21348543465137482,0.14264437556266785,0.07084104418754578,0.00018093983817379922
370,185,0.18585357069969177,0.12511923909187317,0.0607343465089798,0.00018397967505734414
380,190,0.1609325408935547,0.10413389652967453,0.056798651814460754,0.00018556913710199296
390,195,0.17928169667720795,0.13050679862499237,0.04877489060163498,0.00018703937530517578
400,200,0.17074644565582275,0.12373894453048706,0.047007493674755096,0.00018858909606933594
410,205,0.164852112531662,0.11731921881437302,0.047532886266708374,0.0001893440930871293
420,210,0.15312513709068298,0.11413799226284027,0.038987137377262115,0.00019240379333496094
430,215,0.17497926950454712,0.12682875990867615,0.04815050959587097,0.00019502639770507812
440,220,0.1739446520805359,0.12204068899154663,0.05190395191311836,0.00019641718245111406
450,225,0.17107658088207245,0.1297384798526764,0.041338108479976654,0.00019884109497070312
460,230,0.16581663489341736,0.12100957334041595,0.04480705037713051,0.00020047029829584062
470,235,0.16469906270503998,0.12112487852573395,0.04357417672872543,0.00020213922834955156
480,240,0.15250302851200104,0.11331833153963089,0.03918470814824104,0.00020410618162713945
490,245,0.14207643270492554,0.10409191250801086,0.037984512746334076,0.00020507971930783242
500,250,0.1497465819120407,0.11302721500396729,0.03671935945749283,0.00020607313490472734
510,255,0.14650051295757294,0.10787370800971985,0.038626812398433685,0.00020792087889276445
520,260,0.13802684843540192,0.10948213934898376,0.0285447109490633,0.00020945072174072266
530,265,0.1463693380355835,0.11358310282230377,0.03278623893857002,0.00020931164908688515
540,270,0.16235052049160004,0.12459011375904083,0.0377604104578495,0.00021058319543953985
550,275,0.1510276198387146,0.12510311603546143,0.02592451125383377,0.00021185475634410977
560,280,0.15707612037658691,0.1213645190000534,0.03571159020066261,0.00021294751786626875
570,285,0.14218851923942566,0.11238328367471695,0.02980523742735386,0.00021419921540655196
580,290,0.1434667706489563,0.11407531052827835,0.029391463845968246,0.00021557012223638594
590,295,0.1393897533416748,0.11282956600189209,0.02656017616391182,0.00021610656403936446
600,300,0.14041435718536377,0.10824064165353775,0.032173700630664825,0.0002183715405408293
610,305,0.1449962556362152,0.11506512761116028,0.02993113361299038,0.00021859008120372891
620,310,0.12476477771997452,0.10168701410293579,0.023077767342329025,0.00022010007523931563
630,315,0.15192919969558716,0.12469547241926193,0.027233729138970375,0.0002209345402661711
640,320,0.13484367728233337,0.10527484863996506,0.029568832367658615,0.00022210675524547696
650,325,0.14159521460533142,0.1113044023513794,0.030290797352790833,0.0002223253104602918
660,330,0.1424587070941925,0.11204308271408081,0.030415626242756844,0.000223179638851434
670,335,0.14314605295658112,0.1163451075553894,0.02680094540119171,0.0002242326590931043
680,340,0.13753479719161987,0.10923240333795547,0.028302393853664398,0.00022556382464244962
690,345,0.13203194737434387,0.1111292764544487,0.020902661606669426,0.00022577244089916348
700,350,0.12589013576507568,0.10575985163450241,0.020130278542637825,0.0002269645337946713
710,355,0.1447387933731079,0.12149573862552643,0.023243049159646034,0.00022782880114391446
720,360,0.15699639916419983,0.13192041218280792,0.025075988844037056,0.00022782880114391446
730,365,0.15421411395072937,0.12944133579730988,0.024772781878709793,0.00022834537958260626
740,370,0.13919930160045624,0.10951109230518341,0.029688218608498573,0.00022906063531991094
750,375,0.14191275835037231,0.11304830014705658,0.028864461928606033,0.00023016332124825567
760,380,0.13379573822021484,0.1052936539053917,0.028502082452178,0.00023057061480358243
770,385,0.14698854088783264,0.12346336990594864,0.023525161668658257,0.0002316633763257414
780,390,0.14207127690315247,0.12084689736366272,0.021224385127425194,0.0002311766002094373
790,395,0.1333022564649582,0.10766908526420593,0.02563316561281681,0.00023214021348394454
800,400,0.1347271203994751,0.11370691657066345,0.02102021500468254,0.00023201106523629278
810,405,0.1350971758365631,0.10535928606987,0.02973787859082222,0.00023187199258245528
820,410,0.14599871635437012,0.11730179190635681,0.028696931898593903,0.00023307400988414884
830,415,0.13592739403247833,0.11656510829925537,0.019362298771739006,0.00023365019296761602
840,420,0.12869931757450104,0.10873009264469147,0.01996922492980957,0.00023412703012581915
850,425,0.145058274269104,0.1195402443408966,0.025518033653497696,0.0002345641260035336
860,430,0.12356364727020264,0.09818042814731598,0.02538321353495121,0.00023503103875555098
870,435,0.12996450066566467,0.10880296677350998,0.021161550655961037,0.0002357661578571424
880,440,0.12287965416908264,0.10161128640174866,0.02126837521791458,0.00023596483515575528
890,445,0.13651132583618164,0.11994197219610214,0.01656937040388584,0.00023591516946908087
900,450,0.13644909858703613,0.11731085181236267,0.019138265401124954,0.00023555754160042852
910,455,0.1474853903055191,0.12526339292526245,0.02222198247909546,0.00023531912302132696
920,460,0.14820578694343567,0.1274568736553192,0.02074889838695526,0.00023667016648687422
930,465,0.14394037425518036,0.12449811398983002,0.01944226399064064,0.0002369582507526502
940,470,0.1244300901889801,0.10603008419275284,0.018400005996227264,0.0002371569280512631
950,475,0.11991094052791595,0.09963306784629822,0.020277872681617737,0.00023645161127205938
960,480,0.1349562555551529,0.11423066258430481,0.02072560042142868,0.0002367595734540373
970,485,0.14687903225421906,0.1287137269973755,0.018165312707424164,0.0002371569280512631
980,490,0.14007139205932617,0.12007546424865723,0.019995931535959244,0.00023888546274974942
990,495,0.11256032437086105,0.09742540121078491,0.015134918503463268,0.0002387563290540129
1000,500,0.13944604992866516,0.12324359267950058,0.01620245724916458,0.00023856757616158575
1010,505,0.12774822115898132,0.11228872090578079,0.015459500253200531,0.0002393225731793791
1020,510,0.13262520730495453,0.11605726182460785,0.01656794734299183,0.0002396603231318295
1030,515,0.1224978044629097,0.10402880609035492,0.018469005823135376,0.00024024644517339766
1040,520,0.1262575387954712,0.10347014665603638,0.022787395864725113,0.0002401470992481336
1050,525,0.11120092868804932,0.09518852829933167,0.016012396663427353,0.00024013716029003263
1060,530,0.11893905699253082,0.09940944612026215,0.019529618322849274,0.0002401470992481336
1070,535,0.13311736285686493,0.1160661056637764,0.017051246017217636,0.00024117031716741621
1080,540,0.12161623686552048,0.10701370239257812,0.014602536335587502,0.00024184583162423223
1090,545,0.11022932082414627,0.09420594573020935,0.016023382544517517,0.00024234253214672208
1100,550,0.11917439103126526,0.10408022254705429,0.01509417686611414,0.00024280944489873946
1110,555,0.12129193544387817,0.10596959292888641,0.015322337858378887,0.00024283924722112715
1120,560,0.1085646003484726,0.0963016003370285,0.012262994423508644,0.0002427895669825375
1130,565,0.13005530834197998,0.11639860272407532,0.013656710274517536,0.00024365383433178067
1140,570,0.11921089887619019,0.10576074570417404,0.013450153172016144,0.00024352470063604414
1150,575,0.10869467258453369,0.09246484190225601,0.016229836270213127,0.00024401146220043302
1160,580,0.13306733965873718,0.1138310581445694,0.01923627406358719,0.00024389225291088223
1170,585,0.12150555104017258,0.10598413646221161,0.015521407127380371,0.0002432564797345549
1180,590,0.12310267984867096,0.10616976767778397,0.016932908445596695,0.00024436909006908536
1190,595,0.11846879869699478,0.10467097163200378,0.013797823339700699,0.00024462738656438887
1200,600,0.1305413693189621,0.11555144190788269,0.014989936724305153,0.00024602809571661055
1210,605,0.14118391275405884,0.12468628585338593,0.016497625038027763,0.000247140706051141
1220,610,0.11118932068347931,0.09542844444513321,0.0157608725130558,0.000247438729275018
1230,615,0.12170407921075821,0.1081535592675209,0.013550524599850178,0.0002465446596033871
1240,620,0.11849837750196457,0.10376428812742233,0.014734091237187386,0.00024614730500616133
1250,625,0.11297471821308136,0.09649113565683365,0.01648358255624771,0.00024753808975219727
1260,630,0.11811074614524841,0.10439026355743408,0.01372047420591116,0.0002478559617884457
1270,635,0.11370660364627838,0.09999390691518784,0.013712695799767971,0.00024956464767456055
1280,640,0.1070292517542839,0.0873422771692276,0.019686974585056305,0.000249882519710809
1290,645,0.12833915650844574,0.11469215154647827,0.013647003099322319,0.0002493460779078305
1300,650,0.1134362518787384,0.10190635174512863,0.01152990385890007,0.00024952489184215665
1310,655,0.10991252958774567,0.09883977472782135,0.011072752997279167,0.0002488295140210539
1320,660,0.12537354230880737,0.11119376122951508,0.014179788529872894,0.00024930635117925704
1330,665,0.11330809444189072,0.0961841493844986,0.017123941332101822,0.00025051829288713634
1340,670,0.12501247227191925,0.1043059378862381,0.020706528797745705,0.00025045868824236095
1350,675,0.11165034770965576,0.09541759639978409,0.016232743859291077,0.0002497037057764828
1360,680,0.12664052844047546,0.10882212221622467,0.01781841367483139,0.0002499818510841578
1370,685,0.10920016467571259,0.09516668319702148,0.014033470302820206,0.00024882948491722345
1380,690,0.1035243570804596,0.08978025615215302,0.013744108378887177,0.0002486506709828973
1390,695,0.11386626213788986,0.10031471401453018,0.01355154812335968,0.0002493460779078305
1400,700,0.12092137336730957,0.10531803965568542,0.01560334861278534,0.0002491076593287289
1410,705,0.12852171063423157,0.11518561840057373,0.013336087577044964,0.0002489089674782008
1420,710,0.11160340905189514,0.0968371331691742,0.014766265638172626,0.0002477963571436703
1430,715,0.11111864447593689,0.0995355099439621,0.011583127081394196,0.00024875003146007657
1440,720,0.10963647067546844,0.09525148570537567,0.014384984970092773,0.00024861094425432384
1450,725,0.10246569663286209,0.09215596318244934,0.010309738107025623,0.0002480347757227719
1460,730,0.11333353817462921,0.1018594354391098,0.011474089697003365,0.00024875003146007657
1470,735,0.10922442376613617,0.09667393565177917,0.012550491839647293,0.00024823343846946955
1480,740,0.12486380338668823,0.10999122262001038,0.014872580766677856,0.0002500414557289332
1490,745,0.10852755606174469,0.0943797305226326,0.014147830195724964,0.0002505977754481137
1500,750,0.11423375457525253,0.10019966214895248,0.01403408870100975,0.00025123354862444103
1510,755,0.11915028095245361,0.1049448549747467,0.014205420389771461,0.0002510746126063168
1520,760,0.11488527059555054,0.10470091551542282,0.010184348560869694,0.00025083619402721524
1530,765,0.11427507549524307,0.10323184728622437,0.01104323472827673,0.0002511540660634637
1540,770,0.1225549727678299,0.10868197679519653,0.013872990384697914,0.000250438810326159
1550,775,0.10338567942380905,0.09359663724899292,0.009789046831429005,0.0002510150079615414
1560,780,0.11409829556941986,0.10276298224925995,0.011335307732224464,0.0002504189615137875
1570,785,0.11761631071567535,0.10278350114822388,0.01483280397951603,0.0002516706590540707
1580,790,0.10237155854701996,0.08947940170764923,0.012892160564661026,0.00025077658938243985
1590,795,0.10964161157608032,0.09872400760650635,0.010917612351477146,0.0002509156474843621
1600,800,0.10958929359912872,0.0983772873878479,0.011211998760700226,0.0002508759207557887
1610,805,0.10888765007257462,0.09421324729919434,0.014674399048089981,0.00025051829288713634
1620,810,0.11195573210716248,0.1006314679980278,0.011324258521199226,0.00024958449648693204
1630,815,0.10031960904598236,0.09016688913106918,0.010152719914913177,0.0002514719672035426
1640,820,0.10667449980974197,0.09534609317779541,0.011328402906656265,0.0002504984149709344
1650,825,0.09544241428375244,0.08412694185972214,0.011315472424030304,0.0002508759207557887
1660,830,0.11755026131868362,0.10745808482170105,0.010092176496982574,0.00025048849056474864
1670,835,0.11070186644792557,0.09956716746091843,0.011134701780974865,0.00025099513004533947
1680,840,0.10031355917453766,0.08979062736034393,0.010522928088903427,0.0002514719672035426
1690,845,0.10873181372880936,0.09594029188156128,0.012791523709893227,0.0002516011008992791
1700,850,0.10934998095035553,0.09405580163002014,0.015294182114303112,0.0002518494729883969
1710,855,0.10564570873975754,0.09167023748159409,0.013975471258163452,0.0002524355659261346
1720,860,0.1131124198436737,0.10088074207305908,0.012231674045324326,0.0002509355254005641
1730,865,0.10707388073205948,0.09704546630382538,0.01002840418368578,0.0002520084090065211
1740,870,0.11197885870933533,0.099935382604599,0.012043474242091179,0.0002522071008570492
1750,875,0.1267363280057907,0.11492297053337097,0.01181335560977459,0.0002526640600990504
1760,880,0.10027237236499786,0.09033437818288803,0.009937991388142109,0.00025182959507219493
1770,885,0.11584385484457016,0.10587695240974426,0.009966903366148472,0.0002523461589589715
1780,890,0.10416553169488907,0.09370864927768707,0.010456892661750317,0.00025137263583019376
1790,895,0.0950249433517456,0.08384809643030167,0.01117684505879879,0.0002513527579139918
1800,900,0.10792099684476852,0.09524710476398468,0.012673893012106419,0.00025139248464256525
1810,905,0.09455619007349014,0.08440185338258743,0.010154344141483307,0.00025204813573509455
1820,910,0.10532177984714508,0.09250350296497345,0.012818269431591034,0.0002520680136512965
1830,915,0.119831383228302,0.10982811450958252,0.010003263130784035,0.0002524455194361508
1840,920,0.10996808111667633,0.09948255866765976,0.010485533624887466,0.00025349852512590587
1850,925,0.11335664987564087,0.10289964824914932,0.010456997901201248,0.00025302168796770275
1860,930,0.09915462136268616,0.08775389194488525,0.011400731280446053,0.00025198853109031916
1870,935,0.11907882243394852,0.10703280568122864,0.012046020478010178,0.00025208789156749845
1880,940,0.10419061034917831,0.0930248349905014,0.011165780946612358,0.0002511540660634637
1890,945,0.10304474830627441,0.09250307083129883,0.010541681200265884,0.00025174018810503185
1900,950,0.09978415071964264,0.08966583013534546,0.010118323378264904,0.00025274354266002774
1910,955,0.10598168522119522,0.09592809528112411,0.010053589940071106,0.0002524057636037469
1920,960,0.10408896207809448,0.09551692008972168,0.008572036400437355,0.0002521872229408473
1930,965,0.10387090593576431,0.09481377899646759,0.009057118557393551,0.0002530415658839047
1940,970,0.10285700857639313,0.09069204330444336,0.012164968997240067,0.00025214749621227384
1950,975,0.10804583132266998,0.09766175597906113,0.010384077206254005,0.0002529223565943539
1960,980,0.09974721074104309,0.09269138425588608,0.007055834401398897,0.00025345879839733243
1970,985,0.11775576323270798,0.10625723004341125,0.011498536914587021,0.0002537766704335809
1980,990,0.10079241544008255,0.08999134600162506,0.010801073163747787,0.0002525448508094996
1990,995,0.11810828745365143,0.10517315566539764,0.012935135513544083,0.0002531210193410516
2000,1000,0.07947716116905212,0.07074005901813507,0.00873709935694933,0.0002529422054067254
2010,1005,0.10004537552595139,0.09036026895046234,0.009685109369456768,0.0002527236647438258
2020,1010,0.12567384541034698,0.11669161915779114,0.008982222527265549,0.0002537170657888055
2030,1015,0.0929732620716095,0.08354542404413223,0.00942784734070301,0.0002532005019020289
2040,1020,0.0992906242609024,0.08977842330932617,0.009512197226285934,0.0002533793158363551
2050,1025,0.1111941784620285,0.10031241178512573,0.010881767608225346,0.00025329983327537775
2060,1030,0.0916985347867012,0.07928098738193512,0.012417551130056381,0.00025439259479753673
2070,1035,0.0895572304725647,0.08058670163154602,0.008970527909696102,0.0002545714087318629
2080,1040,0.09558017551898956,0.08716575801372528,0.008414408192038536,0.0002543528680689633
2090,1045,0.10036949813365936,0.09014690667390823,0.01022259145975113,0.0002536574611440301
2100,1050,0.10547184944152832,0.09313423931598663,0.012337609194219112,0.00025262433337047696
2110,1055,0.1013021171092987,0.09311813116073608,0.008183993399143219,0.0002533793158363551
2120,1060,0.10106201469898224,0.0926397293806076,0.008422277867794037,0.0002536574611440301
2130,1065,0.09558694064617157,0.08630342036485672,0.009283512830734253,0.00025339919375255704
2140,1070,0.09658835828304291,0.08783319592475891,0.008755163289606571,0.0002536376123316586
2150,1075,0.10409481823444366,0.09534160792827606,0.008753204718232155,0.00025349852512590587
2160,1080,0.10429524630308151,0.09682941436767578,0.0074658384546637535,0.000254770100582391
2170,1085,0.0999193862080574,0.09150487184524536,0.008414512500166893,0.0002532005019020289
2180,1090,0.09571543335914612,0.087262824177742,0.008452610112726688,0.0002529223565943539
2190,1095,0.09883029758930206,0.08711960911750793,0.011710697785019875,0.00025324022863060236
2200,1100,0.10671483725309372,0.09809442609548569,0.008620407432317734,0.0002528627519495785
2210,1105,0.09832993149757385,0.0887482687830925,0.009581657126545906,0.0002531706995796412
2220,1110,0.11951746791601181,0.10790480673313141,0.011612658388912678,0.00025392568204551935
2230,1115,0.10296981036663055,0.09335678815841675,0.009613027796149254,0.00025358793209306896
2240,1120,0.11569871008396149,0.10535572469234467,0.01034298725426197,0.0002538164262659848
2250,1125,0.11728670448064804,0.10834399610757828,0.008942704647779465,0.00025464093778282404
2260,1130,0.09631463140249252,0.0856667160987854,0.010647914372384548,0.0002546012110542506
2270,1135,0.10284771770238876,0.0950186625123024,0.007829053327441216,0.0002541044959798455
2280,1140,0.11848259717226028,0.10957854986190796,0.00890404637902975,0.00025396046112291515
2290,1145,0.09379494935274124,0.08539643883705139,0.008398517966270447,0.0002543230657465756
2300,1150,0.10578940808773041,0.09737209230661392,0.008417313918471336,0.0002538164262659848
2310,1155,0.11815810948610306,0.1100950539112091,0.0080630574375391,0.00025339669082313776
2320,1160,0.0872153490781784,0.08234277367591858,0.004872582852840424,0.00025395548436790705
2330,1165,0.09457173943519592,0.08531749248504639,0.00925425160676241,0.0002541988797020167
2340,1170,0.0924767553806305,0.08336830139160156,0.009108451195061207,0.0002540424175094813
2350,1175,0.0974794328212738,0.08640238642692566,0.011077032424509525,0.00025362271117046475
2360,1180,0.09925076365470886,0.0915767028927803,0.007674063555896282,0.0002541144494898617
2370,1185,0.0927414745092392,0.08066882193088531,0.012072657234966755,0.00025359290884807706
2380,1190,0.11392584443092346,0.1026931181550026,0.011232733726501465,0.0002545118040870875
2390,1195,0.07602913677692413,0.06674110889434814,0.009288020431995392,0.0002535454405006021
2400,1200,0.10497120022773743,0.09544941037893295,0.009521795436739922,0.00025405484484508634
2410,1205,0.08843496441841125,0.07872211933135986,0.009712843224406242,0.0002552816877141595
2420,1210,0.10064031183719635,0.09353034943342209,0.007109965663403273,0.00025575977633707225
2430,1215,0.10416656732559204,0.09454695135354996,0.009619608521461487,0.0002552405640017241
2440,1220,0.09120603650808334,0.08475794643163681,0.0064480905421078205,0.00025574612664058805
2450,1225,0.09958499670028687,0.09135477244853973,0.008230213075876236,0.0002557442639954388
2460,1230,0.09004907310009003,0.08223685622215271,0.0078122238628566265,0.00025612858007662
2470,1235,0.0957399532198906,0.08840292692184448,0.00733701977878809,0.00025601062225177884
2480,1240,0.10415676236152649,0.09293417632579803,0.011222573928534985,0.0002565135364420712
2490,1245,0.10125002264976501,0.09474671632051468,0.006503310054540634,0.0002560093707870692
2500,1250,0.08595561236143112,0.07586071640253067,0.010094900615513325,0.00025518733309581876
2510,1255,0.10310856997966766,0.09370864927768707,0.00939992070198059,0.0002555946120992303
2520,1260,0.0996309220790863,0.09025343507528305,0.009377487003803253,0.0002563247689977288
2530,1265,0.09044986218214035,0.08283475041389465,0.0076151215471327305,0.0002555052051320672
2540,1270,0.08861301839351654,0.0819237232208252,0.0066892895847558975,0.00025492903660051525
2550,1275,0.10686051845550537,0.09880630671977997,0.008054221048951149,0.0002549687633290887
2560,1280,0.1008036732673645,0.091910719871521,0.008892948739230633,0.00025520718190819025
2570,1285,0.09009949117898941,0.08269345015287399,0.007406035903841257,0.00025618073414079845
2580,1290,0.10410153865814209,0.09354062378406525,0.010560918599367142,0.0002561360306572169
2590,1295,0.09234803915023804,0.08442230522632599,0.00792574230581522,0.0002559423155616969
2600,1300,0.11165566742420197,0.10242791473865509,0.009227752685546875,0.0002563943271525204
2610,1305,0.10161412507295609,0.09511374682188034,0.006500376388430595,0.00025646138237789273
2620,1310,0.10004433244466782,0.09168495982885361,0.008359373547136784,0.0002572536177467555
2630,1315,0.08835762739181519,0.07958514243364334,0.008772487752139568,0.00025749203632585704
2640,1320,0.09711401909589767,0.08895093202590942,0.008163085207343102,0.0002571344084572047
2650,1325,0.09079346060752869,0.08407570421695709,0.0067177629098296165,0.0002583265013527125
2660,1330,0.0964837372303009,0.0882859081029892,0.008197830989956856,0.0002581874141469598
2670,1335,0.10649213939905167,0.0986720621585846,0.00782007072120905,0.0002587636117823422
2680,1340,0.10751281678676605,0.10087139904499054,0.006641417741775513,0.00025837618159130216
2690,1345,0.08832789957523346,0.07788290083408356,0.010444998741149902,0.0002581278095021844
2700,1350,0.0922955572605133,0.08454831689596176,0.007747235242277384,0.0002573529491201043
2710,1355,0.09465144574642181,0.0876331776380539,0.0070182704366743565,0.0002568463096395135
2720,1360,0.10141263902187347,0.09294397383928299,0.008468670770525932,0.0002570450014900416
2730,1365,0.10284940153360367,0.09636151790618896,0.006487891543656588,0.0002567668561823666
2740,1370,0.09140181541442871,0.08517903834581375,0.006222774740308523,0.00025771057698875666
2750,1375,0.10560446977615356,0.09839418530464172,0.007210280746221542,0.0002583861059974879
2760,1380,0.08883566409349442,0.08201412111520767,0.006821536459028721,0.00025785958860069513
2770,1385,0.08995182812213898,0.08319250494241714,0.006759314332157373,0.0002576311235316098
2780,1390,0.09281876683235168,0.08519197255373001,0.0076267896220088005,0.0002575913676992059
2790,1395,0.08017266541719437,0.07325197011232376,0.006920693442225456,0.000257790059549734
2800,1400,0.10328090190887451,0.09663353860378265,0.006647373083978891,0.00025766092585399747
2810,1405,0.08655077964067459,0.07884123921394348,0.007709539495408535,0.00025731322239153087
2820,1410,0.11790278553962708,0.10895469784736633,0.00894809328019619,0.00025771057698875666
2830,1415,0.10078908503055573,0.0944310873746872,0.006357990670949221,0.0002571940131019801
2840,1420,0.0869843065738678,0.07963716983795166,0.007347137201577425,0.00025683638523332775
2850,1425,0.1027909591794014,0.09531590342521667,0.007475053425878286,0.0002569158677943051
2860,1430,0.09596413373947144,0.09016605466604233,0.005798087455332279,0.00025769072817638516
2870,1435,0.09543833136558533,0.08909165114164352,0.006346674636006355,0.00025840598391368985
2880,1440,0.08378756791353226,0.07620757073163986,0.007579992525279522,0.0002571940131019801
2890,1445,0.09285737574100494,0.0868900716304779,0.005967309232801199,0.0002576112456154078
2900,1450,0.09812329709529877,0.09008067846298218,0.008042611181735992,0.00025802847812883556
2910,1455,0.09896843880414963,0.09053489565849304,0.008433539420366287,0.00025880333851091564
2920,1460,0.09344230592250824,0.08510637283325195,0.008335921913385391,0.0002594192628748715
2930,1465,0.09291358292102814,0.08614704757928848,0.006766526959836483,0.0002592404489405453
2940,1470,0.10165941715240479,0.09462977200746536,0.007029646076261997,0.00025979673955589533
2950,1475,0.09593138098716736,0.08926437795162201,0.006667010951787233,0.00026015436742454767
2960,1480,0.09339752048254013,0.08546683192253113,0.007930681109428406,0.0002592602977529168
2970,1485,0.10032425820827484,0.09403391182422638,0.0062903473153710365,0.00025848543737083673
2980,1490,0.08830592781305313,0.07877880334854126,0.009527112357318401,0.00025977689074352384
2990,1495,0.1051504909992218,0.09870831668376923,0.006442180834710598,0.00025973713491111994
3000,1500,0.09175650030374527,0.08314716815948486,0.008609337732195854,0.0002606709604151547
3010,1505,0.08479200303554535,0.0770690068602562,0.007722998969256878,0.0002605715999379754
3020,1510,0.09647880494594574,0.08759243041276932,0.008886367082595825,0.0002606113557703793
3030,1515,0.09223279356956482,0.08483090996742249,0.007401890121400356,0.00026019412325695157
3040,1520,0.08442047983407974,0.07578130811452866,0.008639173582196236,0.0002606908092275262
3050,1525,0.07883886247873306,0.07287997007369995,0.005958894267678261,0.00026092922780662775
3060,1530,0.09193827211856842,0.08507144451141357,0.006866825744509697,0.0002607901697047055
3070,1535,0.08768503367900848,0.08135916292667389,0.00632586982101202,0.00026077029178850353
3080,1540,0.08319075405597687,0.07697448879480362,0.0062162685208022594,0.0002604722685646266
3090,1545,0.10306461155414581,0.09511352330446243,0.007951081730425358,0.0002612868556752801
3100,1550,0.11063426733016968,0.10367830842733383,0.006955957971513271,0.00026081001851707697
3110,1555,0.09932073950767517,0.09104631841182709,0.008274424821138382,0.0002604921464808285
3120,1560,0.0944616049528122,0.08958609402179718,0.004875511862337589,0.00026077029178850353
3130,1565,0.08840930461883545,0.08199777454137802,0.006411534734070301,0.00026086962316185236
3140,1570,0.07538663595914841,0.0673007145524025,0.008085913956165314,0.00026043254183605313
3150,1575,0.09689115732908249,0.08895743638277054,0.00793372094631195,0.00026130673359148204
3160,1580,0.08914123475551605,0.08251100778579712,0.006630228832364082,0.00026065108249895275
3170,1585,0.09060925245285034,0.0840681791305542,0.0065410686656832695,0.0002605517511256039
3180,1590,0.08806486427783966,0.08057564496994019,0.007489213719964027,0.00026136633823625743
3190,1595,0.1026042252779007,0.09594926238059998,0.00665496289730072,0.000261326611507684
3200,1600,0.08094639331102371,0.07560990750789642,0.005336478352546692,0.00026077029178850353
3210,1605,0.09443219006061554,0.0888066291809082,0.0056255585514009,0.00026096898363903165
3220,1610,0.09137892723083496,0.0848335325717926,0.006545389071106911,0.00026196238468401134
3230,1615,0.09786492586135864,0.09180039167404175,0.006064532790333033,0.0002611080417409539
3240,1620,0.09174162894487381,0.08542381972074509,0.006317810155451298,0.0002611676463857293
3250,1625,0.09153623133897781,0.08525903522968292,0.0062771947123110294,0.00026216107653453946
3260,1630,0.09564205259084702,0.08854193985462189,0.007100112270563841,0.00026261803577654064
3270,1635,0.09508193284273148,0.08723597228527069,0.007845968008041382,0.00026369091938249767
3280,1640,0.0909004658460617,0.08449051529169083,0.00640995055437088,0.0002630551462061703
3290,1645,0.09865271300077438,0.09162388741970062,0.007028823718428612,0.0002623597392812371
3300,1650,0.08477580547332764,0.07955898344516754,0.005216820165514946,0.0002632339601404965
3310,1655,0.08966831862926483,0.08327522873878479,0.006393094547092915,0.0002625187044031918
3320,1660,0.09757480025291443,0.089764803647995,0.0078099933452904224,0.00026202198932878673
3330,1665,0.08286315947771072,0.07531411945819855,0.007549035828560591,0.0002625187044031918
3340,1670,0.08365978300571442,0.07608271390199661,0.007577069103717804,0.00026228028582409024
3350,1675,0.10142633318901062,0.0955418273806572,0.005884499754756689,0.0002627968497108668
3360,1680,0.08752033859491348,0.07998114079236984,0.00753920478746295,0.00026216107653453946
3370,1685,0.0859694629907608,0.08076268434524536,0.005206773057579994,0.0002624590997584164
3380,1690,0.09299948811531067,0.08668550848960876,0.006313991732895374,0.000261882902123034
3390,1695,0.07914310693740845,0.07229992747306824,0.006843176670372486,0.00026224052999168634
3400,1700,0.08480346202850342,0.07873405516147614,0.006069411989301443,0.00026210147188976407
3410,1705,0.0966605544090271,0.09035515040159225,0.006305404007434845,0.0002619822626002133
3420,1710,0.08377154916524887,0.07812963426113129,0.005641918629407883,0.0002620418672449887
3430,1715,0.09997586905956268,0.0937720537185669,0.006203818134963512,0.0002619822626002133
3440,1720,0.09128822386264801,0.08537550270557404,0.005912724416702986,0.0002620815939735621
3450,1725,0.09602726250886917,0.08993005752563477,0.006097203586250544,0.00026275712298229337
3460,1730,0.09167084842920303,0.0858510285615921,0.005819815676659346,0.0002624193439260125
3470,1735,0.09548121690750122,0.09088103473186493,0.00460018077865243,0.0002636313147377223
3480,1740,0.07779686152935028,0.07108747214078903,0.006709396839141846,0.00026414787862449884
3490,1745,0.08443420380353928,0.07889598608016968,0.005538220051676035,0.0002644260530360043
3500,1750,0.0831368938088417,0.07652370631694794,0.006613197736442089,0.00026361143682152033
3510,1755,0.07030441612005234,0.06389755010604858,0.006406862288713455,0.0002636710414662957
3520,1760,0.09377575665712357,0.08818069100379944,0.005595063325017691,0.00026349222753196955
3530,1765,0.08163423836231232,0.07544602453708649,0.0061882068403065205,0.00026353198336437345
3540,1770,0.06604121625423431,0.06068901717662811,0.005352196283638477,0.0002643862972036004
3550,1775,0.08095459640026093,0.07498687505722046,0.005967719480395317,0.0002637306461110711
3560,1780,0.10571777820587158,0.1006702184677124,0.0050475564785301685,0.00026414787862449884
3570,1785,0.0920904278755188,0.08699267357587814,0.005097751040011644,0.0002644856576807797
3580,1790,0.10185462236404419,0.09503544867038727,0.006819172762334347,0.0002639492158778012
3590,1795,0.08980028331279755,0.0837835967540741,0.006016682833433151,0.00026402866933494806
3600,1800,0.0900476723909378,0.0840647965669632,0.005982879549264908,0.00026402866933494806
3610,1805,0.08885818719863892,0.08228251338005066,0.006575676146894693,0.00026392933796159923
3620,1810,0.09383527934551239,0.08733401447534561,0.006501263007521629,0.00026369091938249767
3630,1815,0.09404264390468597,0.08787097036838531,0.00617165956646204,0.0002639492158778012
3640,1820,0.07549579441547394,0.06960109621286392,0.005894699599593878,0.00026404854725115
3650,1825,0.08054691553115845,0.07489247620105743,0.005654450505971909,0.00026420748326927423
3660,1830,0.0807603970170021,0.07439932972192764,0.006361066363751888,0.00026480352971702814
3670,1835,0.09016770124435425,0.08443288505077362,0.005734818987548351,0.0002656181459315121
3680,1840,0.0829724669456482,0.07690749317407608,0.0060649742372334,0.0002642869658302516
3690,1845,0.07927094399929047,0.0729052722454071,0.006365673616528511,0.00026440617511980236
3700,1850,0.08490957319736481,0.07843050360679626,0.006479073315858841,0.000265419454080984
3710,1855,0.08858956396579742,0.08316950500011444,0.005420054774731398,0.0002660751051735133
3720,1860,0.08131876587867737,0.07534914463758469,0.005969622638076544,0.00026603537844493985
3730,1865,0.09072773903608322,0.0850953608751297,0.00563238188624382,0.00026577708194963634
3740,1870,0.0894804447889328,0.08391228318214417,0.005568166729062796,0.00026657182024791837
3750,1875,0.08359386771917343,0.07733945548534393,0.006254411302506924,0.00026665127370506525
3760,1880,0.08644702285528183,0.08086761087179184,0.005579408723860979,0.00026611483190208673
3770,1885,0.09524226188659668,0.0908202975988388,0.004421957302838564,0.00026571747730486095
3780,1890,0.09330340474843979,0.08809112012386322,0.005212278105318546,0.00026597577380016446
3790,1895,0.07946958392858505,0.07258796691894531,0.0068816253915429115,0.00026675063418224454
3800,1900,0.08803851157426834,0.08113520592451096,0.00690330658107996,0.00026583668659441173
3810,1905,0.08978728950023651,0.0842190682888031,0.005568213295191526,0.00026549893664196134
3820,1910,0.10013929009437561,0.09540891647338867,0.004730379208922386,0.00026637312839739025
3830,1915,0.08567990362644196,0.07989808171987534,0.005781822372227907,0.000265419454080984
3840,1920,0.08373599499464035,0.07720506936311722,0.0065309228375554085,0.0002652207622304559
3850,1925,0.09588214755058289,0.08921973407268524,0.006662416271865368,0.00026609498308971524
3860,1930,0.07424980401992798,0.06770144402980804,0.006548353470861912,0.0002655585412867367
3870,1935,0.08347735553979874,0.0787268728017807,0.004750476218760014,0.0002661744365468621
3880,1940,0.09884637594223022,0.09298335015773773,0.005863038823008537,0.0002661347098182887
3890,1945,0.07813315093517303,0.07117314636707306,0.006960006430745125,0.00026615458773449063
3900,1950,0.09639252722263336,0.09121288359165192,0.005179643165320158,0.00026657182024791837
3910,1955,0.09913903474807739,0.09275808930397034,0.006380943115800619,0.0002670089015737176
3920,1960,0.1014833003282547,0.09436584264039993,0.007117458153516054,0.0002667307562660426
3930,1965,0.09100072085857391,0.0860690101981163,0.004931703209877014,0.0002675453433766961
3940,1970,0.08322073519229889,0.07760927081108093,0.00561146903783083,0.00026762482593767345
3950,1975,0.08416475355625153,0.07777271419763565,0.006392031908035278,0.00026702877948991954
3960,1980,0.09377464652061462,0.08878767490386963,0.00498696556314826,0.00026591616915538907
3970,1985,0.09233494848012924,0.08685141801834106,0.005483533255755901,0.00026625391910783947
3980,1990,0.08267531543970108,0.0769759863615036,0.005699334666132927,0.0002663334016688168
3990,1995,0.10241302847862244,0.09705162048339844,0.005361407063901424,0.0002665519423317164
4000,2000,0.08544009178876877,0.08131401240825653,0.004126082174479961,0.0002665519423317164
4010,2005,0.09770482778549194,0.09236250072717667,0.00534233171492815,0.0002669890527613461
4020,2010,0.0806317999958992,0.07578324526548386,0.0048485551960766315,0.00026756522129289806
4030,2015,0.06901755928993225,0.06443076580762863,0.0045867860317230225,0.0002682407503016293
4040,2020,0.07308343052864075,0.06768684834241867,0.0053965849801898,0.0002674460120033473
4050,2025,0.0948282927274704,0.08912640810012817,0.0057018836960196495,0.0002680817851796746
4060,2030,0.08256682753562927,0.07842321693897247,0.0041436078026890755,0.0002682605991140008
4070,2035,0.10074341297149658,0.09505139291286469,0.0056920284405350685,0.0002673864073585719
4080,2040,0.08817142248153687,0.08304817974567413,0.005123237147927284,0.00026849901769310236
4090,2045,0.08887674659490585,0.08305871486663818,0.0058180298656225204,0.0002687970409169793
4100,2050,0.0860106498003006,0.08007196336984634,0.00593868363648653,0.00026893612812273204
4110,2055,0.082086481153965,0.07709281891584396,0.004993659909814596,0.000268956006038934
4120,2060,0.09362569451332092,0.08770370483398438,0.005921988748013973,0.0002702077035792172
4130,2065,0.07261621952056885,0.06827022135257721,0.004346001893281937,0.00026953217457048595
4140,2070,0.07356677949428558,0.06842909008264542,0.005137694999575615,0.000269512296654284
4150,2075,0.0868091806769371,0.08187172561883926,0.004937455989420414,0.00026927387807518244
4160,2080,0.07620987296104431,0.07104331254959106,0.0051665655337274075,0.00027024743030779064
4170,2085,0.08781195431947708,0.08250544220209122,0.005306505598127842,0.00026965138386003673
4180,2090,0.0791463851928711,0.07329456508159637,0.005851823836565018,0.000268956006038934
4190,2095,0.07549335062503815,0.07079523801803589,0.0046981084160506725,0.0002693533606361598
4200,2100,0.08593014627695084,0.08174564689397812,0.004184500779956579,0.00026839968631975353
4210,2105,0.09556639939546585,0.09045903384685516,0.005107368342578411,0.0002689758548513055
4220,2110,0.07152664661407471,0.06657689809799194,0.004949752241373062,0.00026915466878563166
4230,2115,0.07371965795755386,0.06843215227127075,0.005287507548928261,0.00027018782566301525
4240,2120,0.09433417022228241,0.08935089409351349,0.0049832724034786224,0.00026925402926281095
4250,2125,0.08183915913105011,0.0768778920173645,0.004961264785379171,0.00026915466878563166
4260,2130,0.08576054126024246,0.08130364120006561,0.004456899128854275,0.0002693732385523617
4270,2135,0.0769473984837532,0.07263101637363434,0.004316381178796291,0.00026975071523338556
4280,2140,0.09002605080604553,0.08430833369493484,0.0057177054695785046,0.000269512296654284
4290,2145,0.08706863224506378,0.08268114924430847,0.004387481138110161,0.000270605058176443
4300,2150,0.0840453952550888,0.07872896641492844,0.0053164344280958176,0.00026990968035534024
4310,2155,0.07662992179393768,0.07061260938644409,0.006017319858074188,0.0002699494070839137
4320,2160,0.09055574983358383,0.08545767515897751,0.005098075605928898,0.0002703666395973414
4330,2165,0.07438617944717407,0.0696382224559784,0.004747954662889242,0.0002690553374122828
4340,2170,0.07852299511432648,0.07374539226293564,0.004777602851390839,0.0002695520524866879
4350,2175,0.07526002824306488,0.07152637839317322,0.0037336519453674555,0.00026921427343040705
4360,2180,0.07766421139240265,0.07349756360054016,0.00416664918884635,0.00026953217457048595
4370,2185,0.09053507447242737,0.08638545125722885,0.004149627406150103,0.0002701679477468133
4380,2190,0.08750412613153458,0.0819237008690834,0.005580422002822161,0.00026965138386003673
4390,2195,0.07936118543148041,0.07360974699258804,0.005751434713602066,0.0002689758548513055
4400,2200,0.08301478624343872,0.07864192128181458,0.004372857045382261,0.0002694924478419125
4410,2205,0.07758857309818268,0.07279932498931885,0.004789244849234819,0.0002706447849050164
4420,2210,0.08120348304510117,0.07623205333948135,0.004971431102603674,0.0002694526920095086
4430,2215,0.07357991486787796,0.06968508660793304,0.003894831519573927,0.0002702077035792172
4440,2220,0.07753259688615799,0.07334792613983154,0.004184667952358723,0.0002706447849050164
4450,2225,0.08225521445274353,0.07774092257022858,0.0045143007300794125,0.00027062493609264493
4460,2230,0.08181320130825043,0.07663096487522125,0.005182229448109865,0.00027018782566301525
4470,2235,0.0906359851360321,0.0852479338645935,0.005388063378632069,0.0002705454535316676
4480,2240,0.08257700502872467,0.0769905298948288,0.005586465820670128,0.00026985007571056485
4490,2245,0.07968233525753021,0.07485850155353546,0.0048238299787044525,0.0002702673082239926
4500,2250,0.08334784209728241,0.07905606180429459,0.00429178262129426,0.0002699494070839137
4510,2255,0.07976814359426498,0.0752219408750534,0.004546212498098612,0.0002704262442421168
4520,2260,0.09337430447340012,0.0886722058057785,0.004702105652540922,0.00027056533144786954
4530,2265,0.09342755377292633,0.08851215243339539,0.004915395751595497,0.000270028889644891
4540,2270,0.0750637799501419,0.0693323165178299,0.00573146715760231,0.00027106201741844416
4550,2275,0.07535462826490402,0.07116050273180008,0.0041941311210393906,0.00027056533144786954
4560,2280,0.08055777847766876,0.0757518857717514,0.004805898293852806,0.00026986992452293634
4570,2285,0.07059375941753387,0.06535971164703369,0.0052340407855808735,0.00026990968035534024
4580,2290,0.07944881916046143,0.07460908591747284,0.0048397378996014595,0.00026981031987816095
4590,2295,0.08829512447118759,0.08238647878170013,0.005908644758164883,0.0002698301977943629
4600,2300,0.07518049329519272,0.06998218595981598,0.005198311526328325,0.0002693533606361598
4610,2305,0.07475079596042633,0.06915506720542908,0.005595723167061806,0.00027038651751354337
4620,2310,0.07518108934164047,0.07093138992786407,0.0042497022077441216,0.0002709229593165219
4630,2315,0.07489033788442612,0.07148024439811707,0.003410093951970339,0.0002713600406423211
4640,2320,0.06480082869529724,0.06001931428909302,0.004781510680913925,0.00027177727315574884
4650,2325,0.08890283107757568,0.08421134948730469,0.004691489972174168,0.00027118122670799494
4660,2330,0.08464822173118591,0.08008120208978653,0.004567014519125223,0.00027118122670799494
4670,2335,0.08726618438959122,0.08286671340465546,0.0043994709849357605,0.0002708633546717465
4680,2340,0.09299039095640182,0.08859442174434662,0.0043959771282970905,0.00027006861637346447
4690,2345,0.08777964860200882,0.0827651247382164,0.005014526657760143,0.00027106201741844416
4700,2350,0.0701608955860138,0.06666964292526245,0.003491257783025503,0.00027159845922142267
4710,2355,0.08316265046596527,0.07978444546461105,0.003378208028152585,0.0002718964824452996
4720,2360,0.08394742757081985,0.07997876405715942,0.003968658857047558,0.0002726514940150082
4730,2365,0.08840557932853699,0.08375787734985352,0.004647697787731886,0.0002721746568568051
4740,2370,0.08437152206897736,0.07973899692296982,0.004632525146007538,0.0002725521335378289
4750,2375,0.09139741957187653,0.08762142062187195,0.00377599336206913,0.0002722342615015805
4760,2380,0.08312158286571503,0.07845791429281235,0.00466367369517684,0.00027308857534080744
4770,2385,0.07098215073347092,0.06686501204967499,0.004117141477763653,0.0002725124068092555
4780,2390,0.06417100876569748,0.05849675089120865,0.005674262531101704,0.0002733865985646844
4790,2395,0.06844349205493927,0.06502006202936172,0.003423423506319523,0.00027334687183611095
4800,2400,0.07415087521076202,0.06895895302295685,0.005191922187805176,0.00027290976140648127
4810,2405,0.08007143437862396,0.07586109638214111,0.004210347775369883,0.00027354556368663907
4820,2410,0.06639693677425385,0.061690568923950195,0.004706371109932661,0.000274419755442068
4830,2415,0.07694769650697708,0.07294131815433502,0.004006379749625921,0.0002741813368629664
4840,2420,0.09335222840309143,0.08837851881980896,0.004973708651959896,0.00027465817402116954
4850,2425,0.08284317702054977,0.07798457890748978,0.004858602769672871,0.00027426081942394376
4860,2430,0.08434201776981354,0.07975776493549347,0.004584253765642643,0.00027428066823631525
4870,2435,0.07017865031957626,0.06487897038459778,0.00529968086630106,0.00027426081942394376
4880,2440,0.08398110419511795,0.0783974677324295,0.005583637394011021,0.0002734958834480494
4890,2445,0.07874517887830734,0.07477954030036926,0.003965632990002632,0.0002738237089943141
4900,2450,0.0749429315328598,0.07234567403793335,0.0025972588919103146,0.0002733567962422967
4910,2455,0.08108606934547424,0.07563883066177368,0.005447240546345711,0.0002734958834480494
4920,2460,0.08290698379278183,0.07834774255752563,0.004559236578643322,0.0002733865985646844
4930,2465,0.09846745431423187,0.09397090971469879,0.004496541805565357,0.0002740720519796014
4940,2470,0.0690891444683075,0.06486733257770538,0.004221809096634388,0.00027368462178856134
4950,2475,0.07476621121168137,0.07129371166229248,0.0034724960569292307,0.0002731779823079705
4960,2480,0.0835832878947258,0.07869340479373932,0.004889890551567078,0.00027346608112566173
4970,2485,0.06968675553798676,0.06515927612781525,0.004527476616203785,0.000273734302027151
4980,2490,0.08622652292251587,0.0798252522945404,0.006401268765330315,0.00027391311596147716
4990,2495,0.09274120628833771,0.08776421844959259,0.004976985510438681,0.00027366477297618985
5000,2500,0.07893803715705872,0.07481217384338379,0.004125872626900673,0.00027377402875572443
5010,2505,0.07990705966949463,0.07418401539325714,0.005723052192479372,0.00027429062174633145
5020,2510,0.0633537769317627,0.05961291864514351,0.0037408568896353245,0.0002735256857704371
5030,2515,0.0829782634973526,0.07910662144422531,0.003871642053127289,0.00027497607516124845
5040,2520,0.07369551062583923,0.0686359703540802,0.005059528164565563,0.00027478730771690607
5050,2525,0.07294384390115738,0.06864699721336365,0.004296842962503433,0.00027500587748363614
5060,2530,0.08805985748767853,0.08387964963912964,0.004180202726274729,0.00027438002871349454
5070,2535,0.06618157774209976,0.062291473150253296,0.0038901004008948803,0.00027556216809898615
5080,2540,0.07427863031625748,0.07024595886468887,0.004032671917229891,0.00027534362743608654
5090,2545,0.09327077865600586,0.08875879645347595,0.004511989187449217,0.0002748419647105038
5100,2550,0.08031317591667175,0.076058030128479,0.004255136474967003,0.0002749313716776669
5110,2555,0.06989789009094238,0.06593047827482224,0.0039674085564911366,0.0002751201100181788
5120,2560,0.07449434697628021,0.07061158120632172,0.003882771823555231,0.00027356541249901056
5130,2565,0.08070886135101318,0.07725290954113007,0.003455960424616933,0.00027465817402116954
5140,2570,0.08392646908760071,0.08086840808391571,0.0030580610036849976,0.0002747972612269223
5150,2575,0.07287787646055222,0.06774592399597168,0.005131952930241823,0.00027408695314079523
5160,2580,0.07253167778253555,0.06778387725353241,0.004747801460325718,0.0002734884328674525
5170,2585,0.07790560275316238,0.07341346889734268,0.004492135252803564,0.00027525422046892345
5180,2590,0.07761185616254807,0.07243455946445465,0.005177297629415989,0.0002748965926002711
5190,2595,0.06865730881690979,0.0651433989405632,0.0035139054525643587,0.0002755820460151881
5200,2600,0.07580943405628204,0.07263646274805069,0.0031729622278362513,0.0002755472669377923
5210,2605,0.0770118236541748,0.07385744154453278,0.003154383972287178,0.00027487671468406916
5220,2610,0.0762907937169075,0.07314353436231613,0.0031472593545913696,0.00027596449945122004
5230,2615,0.08096332848072052,0.07638999819755554,0.004573331214487553,0.0002762078947853297
5240,2620,0.07849336415529251,0.0735100582242012,0.004983300808817148,0.0002760390052571893
5250,2625,0.08447665721178055,0.07980011403560638,0.004676545970141888,0.0002763271040748805
5260,2630,0.0725720003247261,0.06743621826171875,0.005135785788297653,0.00027696287725120783
5270,2635,0.07492444664239883,0.07096311450004578,0.003961329814046621,0.0002770920400507748
5280,2640,0.07412140816450119,0.0706983357667923,0.003423067508265376,0.00027753907488659024
5290,2645,0.08359049260616302,0.07940028607845306,0.004190210253000259,0.0002778370981104672
5300,2650,0.09266333281993866,0.08782094717025757,0.004842388443648815,0.0002769281272776425
5310,2655,0.07712282240390778,0.07187104970216751,0.0052517736330628395,0.0002774595923256129
5320,2660,0.08558522164821625,0.08105969429016113,0.004525528755038977,0.0002764016098808497
5330,2665,0.07953138649463654,0.07490052282810211,0.0046308645978569984,0.00027672943542711437
5340,2670,0.0696382001042366,0.06555716693401337,0.004081031307578087,0.00027669963310472667
5350,2675,0.06765003502368927,0.06298121809959412,0.004668813198804855,0.000276585400570184
5360,2680,0.08258948475122452,0.07852520793676376,0.004064269829541445,0.00027657049940899014
5370,2685,0.08236989378929138,0.07749991118907928,0.004869996104389429,0.0002768685226328671
5380,2690,0.07971659302711487,0.0748339593410492,0.004882641136646271,0.00027628240059129894
5390,2695,0.06349913775920868,0.05855385959148407,0.004945277236402035,0.00027756390045396984
5400,2700,0.09795574098825455,0.09322841465473175,0.004727328661829233,0.000276947976090014
5410,2705,0.0757075771689415,0.0706789568066597,0.005028619430959225,0.00027769801090471447
5420,2710,0.06655839830636978,0.06262218207120895,0.00393621064722538,0.0002774049644358456
5430,2715,0.07346755266189575,0.07031382620334625,0.0031537283211946487,0.0002776533074211329
5440,2720,0.06020117923617363,0.05634227767586708,0.0038589020259678364,0.0002772360749077052
5450,2725,0.06918451189994812,0.06588929146528244,0.003295223694294691,0.00027758872602134943
5460,2730,0.06640282273292542,0.06253772974014282,0.0038650857750326395,0.0002776235050987452
5470,2735,0.07389133423566818,0.07046185433864594,0.0034294789656996727,0.00027825680444948375
5480,2740,0.09456527978181839,0.0906297117471695,0.003935570362955332,0.00027832138584926724
5490,2745,0.07181411236524582,0.06799997389316559,0.003814136842265725,0.00027843686984851956
5500,2750,0.07670052349567413,0.07213267683982849,0.004567841067910194,0.0002778669004328549
5510,2755,0.07032813131809235,0.06639724224805832,0.003930887207388878,0.0002791328588500619
5520,2760,0.06495598703622818,0.0612589456140995,0.0036970425862818956,0.0002785548276733607
5530,2765,0.07322674989700317,0.06707631051540375,0.006150440312922001,0.0002780618378892541
5540,2770,0.07571861892938614,0.07055272161960602,0.005165898706763983,0.00027806649450212717
5550,2775,0.07801994681358337,0.07393959164619446,0.004080354236066341,0.0002790363214444369
5560,2780,0.07603058964014053,0.07221174240112305,0.003818844212219119,0.00027800348470918834
5570,2785,0.0862446129322052,0.08258803188800812,0.0036565910559147596,0.00027873984072357416
5580,2790,0.0640256255865097,0.061072785407304764,0.002952839946374297,0.0002780742652248591
5590,2795,0.07851264625787735,0.073365718126297,0.005146925803273916,0.00027879077242687345
5600,2800,0.07360486686229706,0.07074399292469025,0.0028608813881874084,0.0002790962462313473
5610,2805,0.06578680872917175,0.06148897856473923,0.004297828767448664,0.00027969229267910123
5620,2810,0.07203295826911926,0.06805102527141571,0.003981941845268011,0.00027876219246536493
5630,2815,0.06306140869855881,0.058555468916893005,0.004505943972617388,0.00027995306299999356
5640,2820,0.07672552764415741,0.0719461441040039,0.004779377952218056,0.00027988164220005274
5650,2825,0.07825712859630585,0.07320115715265274,0.0050559681840240955,0.00027994002448394895
5660,2830,0.07916843891143799,0.0754554271697998,0.003713001497089863,0.00027974063414148986
5670,2835,0.07618959248065948,0.07255131751298904,0.0036382696125656366,0.0002796090848278254
5680,2840,0.0679788812994957,0.06471056491136551,0.0032683126628398895,0.0002804994292091578
5690,2845,0.0864199846982956,0.0806582048535347,0.005761781241744757,0.0002807341224979609
5700,2850,0.07589489221572876,0.07265214622020721,0.003242746228352189,0.0002813165192492306
5710,2855,0.06505821645259857,0.06218881905078888,0.0028693939093500376,0.0002813388709910214
5720,2860,0.06946102529764175,0.06482502073049545,0.004636004101485014,0.0002812196617014706
5730,2865,0.06463201344013214,0.060690056532621384,0.003941955976188183,0.0002810557489283383
5740,2870,0.07604867219924927,0.07288971543312073,0.003158954903483391,0.00028090423438698053
5750,2875,0.08370664715766907,0.07917428761720657,0.004532357677817345,0.0002816170162986964
5760,2880,0.08117437362670898,0.07803012430667877,0.003144254442304373,0.00028206902788951993
5770,2885,0.08195541799068451,0.07867797464132309,0.0032774517312645912,0.0002826998243108392
5780,2890,0.06934040039777756,0.06497205793857574,0.0043683429248631,0.00028235214995220304
5790,2895,0.07667488604784012,0.07263348996639252,0.004041390959173441,0.0002826451964210719
5800,2900,0.07411016523838043,0.069005586206913,0.005104581359773874,0.00028332072542980313
5810,2905,0.07314888387918472,0.06982850283384323,0.0033203817438334227,0.0002833306498359889
5820,2910,0.07516667246818542,0.07161812484264374,0.003548550186678767,0.00028363364981487393
5830,2915,0.06807224452495575,0.06404981017112732,0.004022435750812292,0.00028388696955516934
5840,2920,0.09947775304317474,0.0943184345960617,0.005159318912774324,0.00028335052775219083
5850,2925,0.07955791056156158,0.07647696882486343,0.0030809396412223577,0.0002842420944944024
5860,2930,0.08476651459932327,0.07937392592430115,0.005392593797296286,0.0002837652573361993
5870,2935,0.07903504371643066,0.07479524612426758,0.004239792935550213,0.00028507906245067716
5880,2940,0.08514454215765,0.08110000193119049,0.004044543020427227,0.00028444326017051935
5890,2945,0.07799989730119705,0.07466185837984085,0.003338039852678776,0.000284686655504629
5900,2950,0.07639817148447037,0.07276271283626556,0.0036354572512209415,0.0002828687138389796
5910,2955,0.08372911065816879,0.07971170544624329,0.00401740986853838,0.00028209510492160916
5920,2960,0.07707607746124268,0.07371627539396286,0.0033598067238926888,0.00028345605824142694
5930,2965,0.06690382957458496,0.06371917575597763,0.0031846491619944572,0.0002841132809408009
5940,2970,0.07330752909183502,0.07023974508047104,0.003067784011363983,0.00028358257259242237
5950,2975,0.07981158792972565,0.07605190575122833,0.0037596868351101875,0.00028408688376657665
5960,2980,0.08563196659088135,0.08204092085361481,0.0035910396836698055,0.0002843489055521786
5970,2985,0.08179827034473419,0.0785089060664177,0.0032893687020987272,0.0002837916254065931
5980,2990,0.0909954160451889,0.08719614148139954,0.003799268277361989,0.00028444078634493053
5990,2995,0.07256409525871277,0.06822733581066132,0.004336767829954624,0.0002837913343682885
6000,3000,0.08585432171821594,0.0820772722363472,0.003777047386392951,0.0002841066743712872
6010,3005,0.078113853931427,0.07422482967376709,0.0038890335708856583,0.0002849995798896998
6020,3010,0.08844728767871857,0.08413270115852356,0.0043145883828401566,0.00028471933910623193
6030,3015,0.07114744931459427,0.06783423572778702,0.0033132077660411596,0.00028401624877005816
6040,3020,0.0741138830780983,0.06950181722640991,0.0046120681799948215,0.0002852690522558987
6050,3025,0.06334659457206726,0.05961523950099945,0.0037313601933419704,0.0002850244054570794
6060,3030,0.07976142317056656,0.0752229243516922,0.004538498818874359,0.0002857496147044003
6070,3035,0.08476053923368454,0.08172991126775742,0.0030306249391287565,0.00028595823096111417
6080,3040,0.060589537024497986,0.05737573653459549,0.0032137990929186344,0.00028619414661079645
6090,3045,0.08112286776304245,0.07634086161851883,0.004782005213201046,0.000286069989670068
6100,3050,0.07480849325656891,0.07132557034492493,0.0034829196520149708,0.0002861196408048272
6110,3055,0.07327771186828613,0.06843356043100357,0.004844146780669689,0.0002857744402717799
6120,3060,0.0846494659781456,0.08135324716567993,0.003296209964901209,0.0002861519460566342
6130,3065,0.06870787590742111,0.06533008813858032,0.003377789631485939,0.00028569495771080256
6140,3070,0.08855389058589935,0.08464422821998596,0.003909665159881115,0.0002865989808924496
6150,3075,0.07234436273574829,0.06890007853507996,0.003444293048232794,0.0002868721494451165
6160,3080,0.062393274158239365,0.05803568661212921,0.004357589408755302,0.00028644996928051114
6170,3085,0.07304726541042328,0.06852703541517258,0.0045202262699604034,0.0002871602482628077
6180,3090,0.07259658724069595,0.06838777661323547,0.00420881062746048,0.0002871478209272027
6190,3095,0.06784208118915558,0.06489121913909912,0.002950854366645217,0.0002874532947316766
6200,3100,0.07374923676252365,0.07041267305612564,0.0033365627750754356,0.0002879996900446713
6210,3105,0.07267031073570251,0.06918319314718246,0.003487123642116785,0.00028820332954637706
6220,3110,0.06972680240869522,0.06584742665290833,0.003879375522956252,0.0002876644139178097
6230,3115,0.0789908766746521,0.07389635592699051,0.005094523075968027,0.00028791523072868586
6240,3120,0.06664232909679413,0.06359924376010895,0.0030430841725319624,0.00028751787613146007
6250,3125,0.0628131777048111,0.059443678706884384,0.00336949760094285,0.0002882405824493617
6260,3130,0.060637958347797394,0.05758659541606903,0.0030513617675751448,0.00028885898063890636
6270,3135,0.07004688680171967,0.06625404953956604,0.003792842850089073,0.0002878804807551205
6280,3140,0.0958876758813858,0.09116744995117188,0.004720228724181652,0.00028775629471056163
6290,3145,0.07024875283241272,0.06695225834846497,0.003296490991488099,0.00028911727713420987
6300,3150,0.0707879588007927,0.06712663918733597,0.0036613226402550936,0.0002879102830775082
6310,3155,0.06770700216293335,0.06451055407524109,0.0031964569352567196,0.0002883374399971217
6320,3160,0.07877064496278763,0.07401834428310394,0.004752293229103088,0.0002879947132896632
6330,3165,0.07228198647499084,0.06868071854114532,0.0036012716591358185,0.0002876569633372128
6340,3170,0.08044002205133438,0.07619904726743698,0.004240971524268389,0.000289872259600088
6350,3175,0.07079631090164185,0.06764113903045654,0.0031551674474030733,0.0002890228934120387
6360,3180,0.06266544759273529,0.05956180393695831,0.0031036389991641045,0.0002890824980568141
6370,3185,0.06877332925796509,0.06512604653835297,0.0036472773645073175,0.00028900301549583673
6380,3190,0.07335130870342255,0.07062901556491852,0.0027222970966249704,0.00028954941080883145
6390,3195,0.08401097357273102,0.08061909675598145,0.0033918824046850204,0.0002901255793403834
6400,3200,0.06590484827756882,0.06324928253889084,0.0026555703952908516,0.0002900361723732203
6410,3205,0.06702373176813126,0.06278883665800095,0.00423489511013031,0.00029089051531627774
6420,3210,0.07005363702774048,0.06727498769760132,0.002778643975034356,0.0002910991315729916
6430,3215,0.06578466296195984,0.06185420602560043,0.003930457402020693,0.0002909699687734246
6440,3220,0.07089260220527649,0.06821984797716141,0.002672760048881173,0.0002910991315729916
6450,3225,0.06914228200912476,0.06547202169895172,0.0036702624056488276,0.00029147660825401545
6460,3230,0.07964165508747101,0.07560429722070694,0.004037358332425356,0.00029138720128685236
6470,3235,0.0667756199836731,0.06281424313783646,0.003961383365094662,0.000291436881525442
6480,3240,0.07904787361621857,0.07595361024141312,0.0030942587181925774,0.0002909898466896266
6490,3245,0.07940854132175446,0.07605341076850891,0.0033551272936165333,0.00029104447457939386
6500,3250,0.07674805819988251,0.07393839210271835,0.0028096612077206373,0.0002915958175435662
6510,3255,0.07022149115800858,0.06630617380142212,0.0039153206162154675,0.0002918143873102963
6520,3260,0.07578438520431519,0.07249130308628082,0.0032930835150182247,0.0002913772768806666
6530,3265,0.0747404545545578,0.07183651626110077,0.0029039359651505947,0.0002920329279731959
6540,3270,0.09077732264995575,0.0867692306637764,0.004008087329566479,0.0002910693292506039
6550,3275,0.08129741996526718,0.07621729373931885,0.005080122966319323,0.0002917845849879086
6560,3280,0.06299616396427155,0.05903292074799538,0.0039632488042116165,0.00029263889882713556
6570,3285,0.07427054643630981,0.07133542746305466,0.0029351157136261463,0.0002921869163401425
6580,3290,0.06490585952997208,0.061359331011772156,0.003546524327248335,0.0002922564453911036
6590,3295,0.06075113266706467,0.05728860944509506,0.0034625232219696045,0.00029285746859386563
6600,3300,0.06595757603645325,0.0628942996263504,0.0030632782727479935,0.00029320019530132413
6610,3305,0.07462523877620697,0.07149887084960938,0.003126375377178192,0.00029332435224205256
6620,3310,0.07297907769680023,0.06955279409885406,0.0034262859262526035,0.00029409921262413263
6630,3315,0.07566053420305252,0.07232420146465302,0.003336335066705942,0.0002938309917226434
6640,3320,0.06625106185674667,0.06270550191402435,0.00354556180536747,0.000294158817268908
6650,3325,0.06662794947624207,0.06403930485248566,0.0025886460207402706,0.0002937813405878842
6660,3330,0.07285141199827194,0.06940147280693054,0.0034499368630349636,0.0002937415847554803
6670,3335,0.0708741545677185,0.0680401399731636,0.0028340087737888098,0.00029355284641496837
6680,3340,0.07286376506090164,0.06980074197053909,0.003063029609620571,0.00029417869518511
6690,3345,0.0762191116809845,0.0729229524731636,0.003296154784038663,0.00029438731144182384
6700,3350,0.06498369574546814,0.062044281512498856,0.002939417492598295,0.0002938011894002557
6710,3355,0.06588061898946762,0.062531977891922,0.0033486417960375547,0.00029423829982988536
6720,3360,0.06942059844732285,0.06697721034288406,0.0024433862417936325,0.0002949436311610043
6730,3365,0.06626348942518234,0.06285464018583298,0.0034088443499058485,0.0002944369916804135
6740,3370,0.06534828245639801,0.06297644227743149,0.002371835755184293,0.00029396015452221036
6750,3375,0.07322326302528381,0.07024555653333664,0.002977705793455243,0.0002948740730062127
6760,3380,0.07558641582727432,0.0724814310669899,0.003104988019913435,0.0002954800729639828
6770,3385,0.0781053900718689,0.07493600994348526,0.0031693712808191776,0.0002957184915430844
6780,3390,0.07007773220539093,0.06666509807109833,0.0034126341342926025,0.00029677149723283947
6790,3395,0.0679219588637352,0.06421711295843124,0.0037048428785055876,0.0002965330786537379
6800,3400,0.06844723969697952,0.06425759196281433,0.004189647268503904,0.00029632446239702404
6810,3405,0.06789267063140869,0.06399814784526825,0.003894530236721039,0.00029705461929552257
6820,3410,0.07785718888044357,0.07423505932092667,0.003622131422162056,0.00029604134033434093
6830,3415,0.07285284250974655,0.06949363648891449,0.0033592046238482,0.00029573339270427823
6840,3420,0.0754934772849083,0.07198475301265717,0.0035087266005575657,0.0002966572646982968
6850,3425,0.06848037987947464,0.06524764001369476,0.0032327426597476006,0.00029680129955522716
6860,3430,0.07427610456943512,0.07141697406768799,0.002859123982489109,0.0002971241483464837
6870,3435,0.0750570297241211,0.07181107997894287,0.003245944157242775,0.0002969900378957391
6880,3440,0.07597653567790985,0.07288612425327301,0.003090413985773921,0.0002970645437017083
6890,3445,0.07740569114685059,0.07473019510507584,0.0026755009312182665,0.00029877322958782315
6900,3450,0.06519383192062378,0.06250764429569244,0.002686196006834507,0.0002971837529912591
6910,3455,0.0831824466586113,0.08016660809516907,0.0030158362351357937,0.00029739734600298107
6920,3460,0.06717852503061295,0.06377481669187546,0.0034037032164633274,0.0002986887702718377
6930,3465,0.08058047294616699,0.07727791368961334,0.0033025555312633514,0.0002973824448417872
6940,3470,0.06857290863990784,0.06510186195373535,0.0034710452891886234,0.00029720860766246915
6950,3475,0.07649841159582138,0.07326455414295197,0.0032338504679501057,0.00029771524714305997
6960,3480,0.07959863543510437,0.07477569580078125,0.004822935909032822,0.00029726323555223644
6970,3485,0.059944577515125275,0.05636835843324661,0.0035762162879109383,0.00029719865415245295
6980,3490,0.06675633788108826,0.0637628585100174,0.0029934777412563562,0.00029749172972515225
6990,3495,0.06967581063508987,0.06618531048297882,0.0034905034117400646,0.0002967565960716456
7000,3500,0.0801478773355484,0.07560913264751434,0.004538754932582378,0.0002971837529912591
7010,3505,0.06281129270792007,0.059999704360961914,0.002811584621667862,0.000297586084343493
7020,3510,0.08170964568853378,0.07760441303253174,0.0041052307933568954,0.0002976854448206723
7030,3515,0.06934167444705963,0.06646367907524109,0.0028780042193830013,0.0002976605901494622
7040,3520,0.0725935772061348,0.06929261982440948,0.003300959477201104,0.0002984950551763177
7050,3525,0.07193658500909805,0.06885039806365967,0.003086188342422247,0.0002986639447044581
7060,3530,0.08263899385929108,0.07877489179372787,0.003864102065563202,0.00029843050288036466
7070,3535,0.07686968147754669,0.07366491854190826,0.003204766195267439,0.00029841807554475963
7080,3540,0.07471834868192673,0.07165683805942535,0.0030615110881626606,0.00029835349414497614
7090,3545,0.06756381690502167,0.06471903622150421,0.002844776026904583,0.00029899735818617046
7100,3550,0.08096691966056824,0.07888410985469818,0.0020828109700232744,0.0002978126285597682
7110,3555,0.07062795758247375,0.06696224957704544,0.0036657112650573254,0.00029850873397663236
7120,3560,0.07419858127832413,0.06986761838197708,0.004330964758992195,0.000298872560961172
7130,3565,0.08379529416561127,0.07897379994392395,0.004821508191525936,0.0002987111220136285
7140,3570,0.06462142616510391,0.061123840510845184,0.003497582860291004,0.00029886263655498624
7150,3575,0.06812265515327454,0.06602633744478226,0.0020963181741535664,0.00029883033130317926
7160,3580,0.07233904302120209,0.06967441737651825,0.0026646284386515617,0.00029934069607406855
7170,3585,0.06626027822494507,0.063896544277668,0.0023637297563254833,0.0002984242746606469
7180,3590,0.06841971725225449,0.0655011534690857,0.002918562153354287,0.0002989470667671412
7190,3595,0.0807691365480423,0.07778313755989075,0.00298600853420794,0.00029896694468334317
7200,3600,0.06944043189287186,0.06622239947319031,0.003218035912141204,0.0003000696306116879
7210,3605,0.07138384878635406,0.068341925740242,0.003041920717805624,0.0002996971015818417
7220,3610,0.07504155486822128,0.07195552438497543,0.0030860344413667917,0.00029850995633751154
7230,3615,0.06994955241680145,0.06636465340852737,0.003584896679967642,0.00030001747654750943
7240,3620,0.06540675461292267,0.06269028037786484,0.002716478193178773,0.0002996089169755578
7250,3625,0.0692753791809082,0.06553955376148224,0.0037358275149017572,0.00029835847089998424
7260,3630,0.07937320321798325,0.07550396025180817,0.0038692473899573088,0.0002987123734783381
7270,3635,0.06393931061029434,0.059701256453990936,0.00423804996535182,0.0002991445071529597
7280,3640,0.05347282066941261,0.05086468532681465,0.0026081292890012264,0.00029824915691278875
7290,3645,0.06799580156803131,0.06415115296840668,0.0038446495309472084,0.00029752758564427495
7300,3650,0.06009494513273239,0.05719448998570442,0.0029004556126892567,0.0002984156017191708
7310,3655,0.06352201849222183,0.06000840663909912,0.003513612551614642,0.00029896569321863353
7320,3660,0.06621789932250977,0.0635940283536911,0.0026238705031573772,0.0002995033864863217
7330,3665,0.07408875226974487,0.06901765614748001,0.005071090534329414,0.00030009073088876903
7340,3670,0.07554970681667328,0.07221747934818268,0.0033322307281196117,0.00029891059966757894
7350,3675,0.07191520929336548,0.06868459284305573,0.0032306143548339605,0.00029879400972276926
7360,3680,0.06873977929353714,0.06546983122825623,0.0032699485309422016,0.00029933202313259244
7370,3685,0.08883336186408997,0.08540846407413483,0.0034249010495841503,0.0002998349373228848
7380,3690,0.07331988960504532,0.07007041573524475,0.0032494748011231422,0.0002992631052620709
7390,3695,0.07450724393129349,0.07066664099693298,0.0038406015373766422,0.0003009313950315118
7400,3700,0.0676262155175209,0.06410747021436691,0.0035187467001378536,0.0003007029299624264
7410,3705,0.0669492781162262,0.06357786059379578,0.0033714231103658676,0.0003001192817464471
7420,3710,0.06003504991531372,0.056850582361221313,0.003184468485414982,0.0002999854914378375
7430,3715,0.06258741021156311,0.05972709134221077,0.0028603235259652138,0.00030072403023950756
7440,3720,0.0701557993888855,0.06692002713680267,0.003235777374356985,0.0003015676629729569
7450,3725,0.06159888207912445,0.05855226889252663,0.0030466183088719845,0.00030097237322479486
7460,3730,0.0708903819322586,0.06718465685844421,0.003705717623233795,0.0003014752874150872
7470,3735,0.07816135883331299,0.07499726116657257,0.003164099995046854,0.00030189749668352306
7480,3740,0.07289163768291473,0.0697181224822998,0.003173515200614929,0.00030124897602945566
7490,3745,0.06473728269338608,0.06136966496706009,0.003367616795003414,0.000301316351396963
7500,3750,0.07673424482345581,0.07355912774801254,0.0031751180067658424,0.0003013051755260676
7510,3755,0.06862661987543106,0.06431996822357178,0.004306653048843145,0.0003015050897374749
7520,3760,0.06442957371473312,0.0613783597946167,0.003051214851438999,0.00030135188717395067
7530,3765,0.06662453711032867,0.0633789449930191,0.003245606319978833,0.00030216138111427426
7540,3770,0.07168813049793243,0.06890664249658585,0.0027814845088869333,0.000301013991702348
7550,3775,0.06497886031866074,0.06107337027788162,0.0039054916705936193,0.0003024577163159847
7560,3780,0.06930936127901077,0.06612081825733185,0.0031885458156466484,0.00030246374080888927
7570,3785,0.0680297464132309,0.06555724143981934,0.002472511027008295,0.00030348694417625666
7580,3790,0.054026924073696136,0.05116325616836548,0.0028636609204113483,0.00030361113022081554
7590,3795,0.06727080047130585,0.06421689689159393,0.0030538998544216156,0.00030326342675834894
7600,3800,0.055068761110305786,0.051499608904123306,0.0035691584926098585,0.00030382967088371515
7610,3805,0.0596814788877964,0.056735508143901825,0.0029459712095558643,0.0003049770602956414
7620,3810,0.0732448622584343,0.07053108513355255,0.002713775495067239,0.0003042568569071591
7630,3815,0.07393494993448257,0.07116113603115082,0.002773812972009182,0.00030378723749890924
7640,3820,0.06445028632879257,0.06162625551223755,0.0028240408282727003,0.000304626883007586
7650,3825,0.06959640979766846,0.06683284789323807,0.002763566095381975,0.0003044586337637156
7660,3830,0.0782814770936966,0.07523339986801147,0.0030480658169835806,0.00030439530382864177
7670,3835,0.06531069427728653,0.06245514750480652,0.002855540718883276,0.00030529743526130915
7680,3840,0.0715874433517456,0.06785909831523895,0.0037283473648130894,0.0003050937957596034
7690,3845,0.08516325056552887,0.08171026408672333,0.0034529780969023705,0.00030485785100609064
7700,3850,0.08569508045911789,0.08217567205429077,0.0035194146912544966,0.0003046542115043849
7710,3855,0.060705747455358505,0.057333409786224365,0.0033723379019647837,0.00030476099345833063
7720,3860,0.062154799699783325,0.05793200805783272,0.004222795367240906,0.0003059555892832577
7730,3865,0.062205348163843155,0.05873454734683037,0.00347079336643219,0.00030509132193401456
7740,3870,0.07417532056570053,0.07050479203462601,0.0036705334205180407,0.0003060698218178004
7750,3875,0.06413973867893219,0.060996249318122864,0.003143496811389923,0.0003068546066060662
7760,3880,0.06287164241075516,0.060066353529691696,0.002805291209369898,0.00030542409513145685
7770,3885,0.07180245220661163,0.06881721317768097,0.0029852380976080894,0.0003054986009374261
7780,3890,0.06715087592601776,0.06435665488243103,0.0027942098677158356,0.0003068546066060662
7790,3895,0.06677855551242828,0.06373785436153412,0.0030407048761844635,0.00030671554850414395
7800,3900,0.06618210673332214,0.06324288249015808,0.0029392216820269823,0.0003078877634834498
7810,3905,0.053767748177051544,0.051114752888679504,0.0026529941242188215,0.00030710792634636164
7820,3910,0.06896041333675385,0.06540664285421371,0.003553768852725625,0.00030682978103868663
7830,3915,0.07155724614858627,0.06801866739988327,0.003538572695106268,0.0003077288274653256
7840,3920,0.05608346313238144,0.05288553982973099,0.003197920974344015,0.0003070433740504086
7850,3925,0.06492140889167786,0.060428276658058167,0.0044931406155228615,0.000307381124002859
7860,3930,0.07023210823535919,0.06789613515138626,0.0023359712213277817,0.0003079175658058375
7870,3935,0.0630999282002449,0.060125116258859634,0.00297481007874012,0.0003079473681282252
7880,3940,0.0863507091999054,0.08325086534023285,0.0030998499132692814,0.00030702349613420665
7890,3945,0.07160378992557526,0.06793846935033798,0.0036653236020356417,0.000308861315716058
7900,3950,0.08105381578207016,0.078494131565094,0.002559683984145522,0.00030801689717918634
7910,3955,0.07260684669017792,0.06922869384288788,0.0033781598322093487,0.00030814605997875333
7920,3960,0.07667796313762665,0.07350094616413116,0.003177013248205185,0.00030828017042949796
7930,3965,0.05963417887687683,0.05626264587044716,0.003371532540768385,0.0003084142808802426
7940,3970,0.07868528366088867,0.075717493891716,0.0029677890706807375,0.00030896562384441495
7950,3975,0.0629398450255394,0.0589250773191452,0.00401476351544261,0.00030777353094890714
7960,3980,0.06769567728042603,0.06465102732181549,0.0030446534510701895,0.0003085086354985833
7970,3985,0.06387384980916977,0.06120147556066513,0.002672365866601467,0.00030935800168663263
7980,3990,0.06535887718200684,0.06260670721530914,0.0027521676383912563,0.0003082950715906918
7990,3995,0.0657072365283966,0.0627911314368248,0.0029161162674427032,0.00030929839704185724
8000,4000,0.07199094444513321,0.06938786804676056,0.002603073138743639,0.00031001862953417003
8010,4005,0.06355255842208862,0.060981858521699905,0.002570701763033867,0.00031071898411028087
8020,4010,0.06508186459541321,0.0622994527220726,0.002782408380880952,0.00031047064112499356
8030,4015,0.06551675498485565,0.06287059932947159,0.002646154724061489,0.00030977523420006037
8040,4020,0.08079633861780167,0.07628493010997772,0.004511403851211071,0.000310038507450372
8050,4025,0.07444527745246887,0.0721157118678093,0.0023295695427805185,0.00031089282128959894
8060,4030,0.07270561903715134,0.0693076029419899,0.0033980170264840126,0.0003104507632087916
8070,4035,0.056951284408569336,0.05343185365200043,0.0035194335505366325,0.000311002106172964
8080,4040,0.058551277965307236,0.05534590780735016,0.0032053692266345024,0.0003103414783254266
8090,4045,0.07623276114463806,0.0733552947640419,0.0028774691745638847,0.00031177198980003595
8100,4050,0.07388941943645477,0.07033737748861313,0.003552048932760954,0.00031083819339983165
8110,4055,0.06728185713291168,0.06409621238708496,0.003185636131092906,0.00031046068761497736
8120,4060,0.06697457283735275,0.06326182931661606,0.0037127449177205563,0.0003115733270533383
8130,4065,0.0697001963853836,0.06662778556346893,0.003072409424930811,0.000311280251480639
8140,4070,0.07323331385850906,0.07009964436292648,0.0031336667016148567,0.0003102024202235043
8150,4075,0.06499789655208588,0.062271229922771454,0.00272666709497571,0.0003102620248682797
8160,4080,0.06667179614305496,0.06425908952951431,0.002412703586742282,0.0003103216295130551
8170,4085,0.06696394830942154,0.06423601508140564,0.0027279353234916925,0.0003102272457908839
8180,4090,0.061469774693250656,0.05811368674039841,0.003356091445311904,0.0003117918677162379
8190,4095,0.06306521594524384,0.0601973831653595,0.0028678346425294876,0.0003122985071968287
8200,4100,0.06507302820682526,0.06253880262374878,0.002534228842705488,0.0003118514723610133
8210,4105,0.06957627832889557,0.06686706840991974,0.0027091982774436474,0.000311796844471246
8220,4110,0.08390303701162338,0.08180336654186249,0.002099672332406044,0.0003115931758657098
8230,4115,0.06326191127300262,0.060229066759347916,0.0030328379943966866,0.00031202530954033136
8240,4120,0.07568314671516418,0.07300056517124176,0.0026825754903256893,0.0003120700130239129
8250,4125,0.057652465999126434,0.05504146218299866,0.0026110010221600533,0.00031165278051048517
8260,4130,0.05962156131863594,0.056865498423576355,0.0027560628950595856,0.0003119706816505641
8270,4135,0.0682033896446228,0.0649174302816391,0.0032859568018466234,0.000311881274683401
8280,4140,0.06319445371627808,0.059970274567604065,0.0032241814769804478,0.0003117024607490748
8290,4145,0.07181482762098312,0.06823134422302246,0.003583487356081605,0.0003117918677162379
8300,4150,0.08005142956972122,0.07651969790458679,0.0035317293368279934,0.000312159419991076
8310,4155,0.062196869403123856,0.05959176644682884,0.0026051069144159555,0.0003125617513433099
8320,4160,0.06835958361625671,0.06565836071968079,0.0027012289501726627,0.00031282997224479914
8330,4165,0.06648916006088257,0.06340407580137253,0.0030850893817842007,0.0003123879141639918
8340,4170,0.06254759430885315,0.05934823304414749,0.0031993589363992214,0.0003131925768684596
8350,4175,0.07077666372060776,0.06749509274959564,0.0032815709710121155,0.00031299388501793146
8360,4180,0.07177052646875381,0.06851784884929657,0.003252677619457245,0.00031446415232494473
8370,4185,0.056157391518354416,0.052278876304626465,0.003878516610711813,0.0003150701231788844
8380,4190,0.06647368520498276,0.06321346759796143,0.0032602197024971247,0.00031377869891002774
8390,4195,0.06470572203397751,0.06267491728067398,0.002030802657827735,0.0003149807162117213
8400,4200,0.07000046968460083,0.06658107042312622,0.003419404150918126,0.0003149509138893336
8410,4205,0.0661211609840393,0.06290075927972794,0.003220402169972658,0.00031430518720299006
8420,4210,0.06570028513669968,0.0628495141863823,0.0028507739771157503,0.0003148217801935971
8430,4215,0.05550897866487503,0.052377477288246155,0.0031315030064433813,0.0003140767221339047
8440,4220,0.05995100736618042,0.05666143074631691,0.003289576154202223,0.0003135402803309262
8450,4225,0.05985279381275177,0.05715063959360123,0.002702148165553808,0.00031421578023582697
8460,4230,0.05243353173136711,0.048988185822963715,0.003445350332185626,0.0003155469603370875
8470,4235,0.0700942724943161,0.06666423380374908,0.0034300358965992928,0.0003153780708089471
8480,4240,0.0653611347079277,0.061913520097732544,0.003447617869824171,0.0003151297278236598
8490,4245,0.0705493614077568,0.06803292781114578,0.0025164319667965174,0.00031414625118486583
8500,4250,0.0648459941148758,0.06256890296936035,0.002277092542499304,0.0003139873151667416
8510,4255,0.06946666538715363,0.0668688714504242,0.002597793936729431,0.0003141661291010678
8520,4260,0.06565524637699127,0.06279076635837555,0.002864481182768941,0.0003151694545522332
8530,4265,0.05842067301273346,0.05545765161514282,0.002963021397590637,0.0003145535592921078
8540,4270,0.0657038614153862,0.06308013200759888,0.0026237345300614834,0.00031443435000255704
8550,4275,0.06479041278362274,0.061981700360774994,0.0028087086975574493,0.00031424558255821466
8560,4280,0.06573987007141113,0.06308452785015106,0.002655340125784278,0.00031268593738786876
8570,4285,0.058768950402736664,0.05642574653029442,0.0023432024754583836,0.0003127852687612176
8580,4290,0.06472291052341461,0.06122361123561859,0.0034992974251508713,0.00031331178615801036
8590,4295,0.060780636966228485,0.05842740088701248,0.0023532400373369455,0.0003127356176264584
8600,4300,0.06904618442058563,0.06642930209636688,0.002616884419694543,0.0003127058153040707
8610,4305,0.05794413015246391,0.05538569390773773,0.002558439504355192,0.0003126064548268914
8620,4310,0.06137227267026901,0.05812431871891022,0.0032479551155120134,0.00031258660601451993
8630,4315,0.06248039752244949,0.05962396785616875,0.0028564282692968845,0.0003122587804682553
8640,4320,0.06439346820116043,0.06086282432079315,0.003530635964125395,0.00031124550150707364
8650,4325,0.06641464680433273,0.06281620264053345,0.003598440671339631,0.0003119408793281764
8660,4330,0.06725315749645233,0.06419900059700012,0.003054161323234439,0.0003130137629341334
8670,4335,0.07425716519355774,0.07175058126449585,0.0025065778754651546,0.0003131627745460719
8680,4340,0.06742265820503235,0.06474300473928452,0.0026796485763043165,0.0003132919082418084
8690,4345,0.06483267992734909,0.06098630279302597,0.0038463789969682693,0.0003131627745460719
8700,4350,0.0664600133895874,0.06315743178129196,0.003302579279989004,0.0003128150710836053
8710,4355,0.06907103955745697,0.06643164902925491,0.0026393956504762173,0.00031364953611046076
8720,4360,0.06054137647151947,0.05743707716464996,0.003104295814409852,0.0003132621059194207
8730,4365,0.0729394257068634,0.06971525400876999,0.0032241735607385635,0.0003140965709462762
8740,4370,0.0616297572851181,0.05843357741832733,0.003196176141500473,0.00031376874540001154
8750,4375,0.06776105612516403,0.06567386537790298,0.0020871867891401052,0.0003151694545522332
8760,4380,0.06234848499298096,0.059576138854026794,0.0027723493985831738,0.0003145833616144955
8770,4385,0.06426757574081421,0.06211833655834198,0.0021492470987141132,0.00031445419881492853
8780,4390,0.06213776022195816,0.05901215597987175,0.0031256130896508694,0.0003151794080622494
8790,4395,0.06279715895652771,0.05999618023633957,0.0028009782545268536,0.0003157953033223748
8800,4400,0.06913494318723679,0.06667613983154297,0.002458801493048668,0.0003152986173518002
8810,4405,0.06581684201955795,0.06330279260873795,0.0025140566285699606,0.0003157257742714137
8820,4410,0.0785129964351654,0.07632817327976227,0.0021848201286047697,0.00031480190227739513
8830,4415,0.07912614196538925,0.07622537016868591,0.0029007690027356148,0.0003146628150716424
8840,4420,0.06316101551055908,0.060565508902072906,0.0025955098681151867,0.0003154376754537225
8850,4425,0.06806741654872894,0.06529510021209717,0.0027723214589059353,0.0003163218207191676
8860,4430,0.06437160074710846,0.0613027885556221,0.003068813355639577,0.0003158549079671502
8870,4435,0.0766485258936882,0.07434020191431046,0.002308324445039034,0.000315417826641351
8880,4440,0.07112312316894531,0.0684533640742302,0.0026697516441345215,0.0003158549079671502
8890,4445,0.07010617107152939,0.06792030483484268,0.002185866702347994,0.0003165205125696957
8900,4450,0.06249026209115982,0.059484295547008514,0.003005962586030364,0.0003172059659846127
8910,4455,0.048984505236148834,0.04595842957496643,0.003026077523827553,0.00031659004162065685
8920,4460,0.06519515812397003,0.06289435923099518,0.0023008021526038647,0.0003172655706293881
8930,4465,0.0694098025560379,0.06659118831157684,0.0028186144772917032,0.00031618273351341486
8940,4470,0.07137807458639145,0.0681660920381546,0.003211978357285261,0.0003164509544149041
8950,4475,0.06575918197631836,0.06355047225952148,0.002208712510764599,0.0003158251056447625
8960,4480,0.06351776421070099,0.060729511082172394,0.0027882526628673077,0.0003172556171193719
8970,4485,0.06117924302816391,0.05850067734718323,0.0026785656809806824,0.0003173549775965512
8980,4490,0.07275994122028351,0.06925796717405319,0.0035019759088754654,0.00031721589039079845
8990,4495,0.06162794306874275,0.05855423957109451,0.003073706291615963,0.0003173251752741635
9000,4500,0.06218985840678215,0.05931570753455162,0.0028741518035531044,0.00031727549503557384
9010,4505,0.06215524673461914,0.059279147535562515,0.002876101527363062,0.0003164112276863307
9020,4510,0.07422568649053574,0.07201537489891052,0.002210309961810708,0.000316103280056268
9030,4515,0.05549926310777664,0.053531184792518616,0.0019680801779031754,0.0003167390532325953
9040,4520,0.06009581685066223,0.057804569602012634,0.00229124678298831,0.0003166099195368588
9050,4525,0.05994175374507904,0.05718621611595154,0.002755535766482353,0.0003169774718116969
9060,4530,0.0639367550611496,0.060125358402729034,0.003811403876170516,0.0003172556171193719
9070,4535,0.056155599653720856,0.05309746786952019,0.003058132715523243,0.0003180503554176539
9080,4540,0.07216842472553253,0.06977154314517975,0.0023968808818608522,0.0003172059659846127
9090,4545,0.064154252409935,0.06104499101638794,0.0031092644203454256,0.0003160138730891049
9100,4550,0.06119941174983978,0.05873033031821251,0.0024690788704901934,0.0003172556171193719
9110,4555,0.05647759139537811,0.05433935299515724,0.0021382365375757217,0.0003167390532325953
9120,4560,0.06160147488117218,0.05811914801597595,0.0034823291935026646,0.0003168284601997584
9130,4565,0.06631381064653397,0.06350000947713852,0.0028138081543147564,0.0003170569543726742
9140,4570,0.059440575540065765,0.056761883199214935,0.0026786979287862778,0.000317047000862658
9150,4575,0.06056844815611839,0.058000192046165466,0.002568257274106145,0.0003170768031850457
9160,4580,0.06610935926437378,0.0633094534277916,0.0027998993173241615,0.0003173251752741635
9170,4585,0.05626893788576126,0.053147584199905396,0.0031213569454848766,0.00031744438456371427
9180,4590,0.06668254733085632,0.06469455361366272,0.0019879916217178106,0.0003173649020027369
9190,4595,0.0711803138256073,0.06910563260316849,0.0020746842492371798,0.00031817948911339045
9200,4600,0.05962739139795303,0.057619523257017136,0.002007868140935898,0.0003173847799189389
9210,4605,0.06255964934825897,0.05976270139217377,0.0027969542425125837,0.0003177722101099789
9220,4610,0.07106049358844757,0.06863231956958771,0.002428176812827587,0.0003178318147547543
9230,4615,0.0526498444378376,0.049586400389671326,0.003063442185521126,0.0003178516635671258
9240,4620,0.06507999449968338,0.06267403811216354,0.0024059521965682507,0.0003176331229042262
9250,4625,0.08212856948375702,0.07919441163539886,0.002934163436293602,0.00031803047750145197
9260,4630,0.06824754178524017,0.06514604389667511,0.003101490903645754,0.0003179510240443051
9270,4635,0.07212017476558685,0.06929630041122437,0.0028238738887012005,0.00031861659954302013
9280,4640,0.05201529711484909,0.050083450973033905,0.0019318434642627835,0.00031872588442638516
9290,4645,0.062130123376846313,0.05973316729068756,0.0023969593457877636,0.000318825215799734
9300,4650,0.06280204653739929,0.05945679172873497,0.00334525085054338,0.0003190437564626336
9310,4655,0.06500588357448578,0.06214427202939987,0.0028616031631827354,0.00031950074480846524
9320,4660,0.0635765865445137,0.0601048469543457,0.0034717400558292866,0.0003199577040504664
9330,4665,0.06241849064826965,0.05995030701160431,0.0024681887589395046,0.00031983849476091564
9340,4670,0.07337541878223419,0.07114449143409729,0.0022309254854917526,0.0003201365179847926
9350,4675,0.06732628494501114,0.06458944082260132,0.0027368466835469007,0.0003194808668922633
9360,4680,0.06371365487575531,0.06131770461797714,0.0023959511891007423,0.000320474267937243
9370,4685,0.06487938016653061,0.062156032770872116,0.002723348792642355,0.0003198186168447137
9380,4690,0.05472780391573906,0.05186747759580612,0.002860328182578087,0.00031983849476091564
9390,4695,0.055045053362846375,0.05251706391572952,0.002527986653149128,0.00031965968082658947
9400,4700,0.06277373433113098,0.05976777523756027,0.0030059549026191235,0.00032011664006859064
9410,4705,0.062222082167863846,0.05991984158754349,0.0023022391833364964,0.00031940138433128595
9420,4710,0.061099641025066376,0.05850198492407799,0.0025976523756980896,0.0003190835122950375
9430,4715,0.05972745642066002,0.05723768472671509,0.002489773789420724,0.00031944114016368985
9440,4720,0.06400522589683533,0.06041579693555832,0.0035894308239221573,0.000319917977321893
9450,4725,0.0714443102478981,0.06928583979606628,0.002158466959372163,0.0003204544191248715
9460,4730,0.06511468440294266,0.06293904781341553,0.002175632631406188,0.00031928217504173517
9470,4735,0.0568796768784523,0.054638009518384933,0.0022416720166802406,0.00031932193087413907
9480,4740,0.06438091397285461,0.06155215576291084,0.002828759839758277,0.0003205338725820184
9490,4745,0.05679944157600403,0.053933434188365936,0.0028660125099122524,0.00031937158200889826
9500,4750,0.062317196279764175,0.060407619923353195,0.001909575890749693,0.0003205140237696469
9510,4755,0.06533309817314148,0.06301604956388474,0.0023170444183051586,0.0003192027215845883
9520,4760,0.055385809391736984,0.05233294516801834,0.0030528667848557234,0.00032021600054576993
9530,4765,0.06428483873605728,0.062169596552848816,0.0021152449771761894,0.00032059347722679377
9540,4770,0.06373725831508636,0.06094782054424286,0.0027894373051822186,0.0003213882155250758
9550,4775,0.06751823425292969,0.0652473121881485,0.0022709215991199017,0.0003212094015907496
9560,4780,0.06431169807910919,0.061760496348142624,0.00255120312795043,0.0003227591223549098
9570,4785,0.05107744038105011,0.04869174212217331,0.002385698724538088,0.0003215471515432
9580,4790,0.058317091315984726,0.05571185052394867,0.002605239860713482,0.00032146769808605313
9590,4795,0.06201978772878647,0.05939677357673645,0.002623009728267789,0.0003213286108803004
9600,4800,0.05795416980981827,0.05525878071784973,0.0026953904889523983,0.00032240149448625743
9610,4805,0.06597878783941269,0.063058041036129,0.0029207554180175066,0.000321269006235525
9620,4810,0.06643310189247131,0.06379862129688263,0.0026344815269112587,0.00032137829111889005
9630,4815,0.07433272898197174,0.0721547082066536,0.002178019843995571,0.00032156702945940197
9640,4820,0.050600484013557434,0.04806920140981674,0.0025312849320471287,0.00032260018633678555
9650,4825,0.05860111862421036,0.05565769970417023,0.0029434137977659702,0.0003237724013160914
9660,4830,0.062173690646886826,0.060101449489593506,0.0020722474437206984,0.0003224809770472348
9670,4835,0.05676046013832092,0.054673150181770325,0.0020873097237199545,0.00032222268055193126
9680,4840,0.058545611798763275,0.055666156113147736,0.0028794528916478157,0.0003221034712623805
9690,4845,0.05946481227874756,0.05597042292356491,0.0034943879581987858,0.0003221034712623805
9700,4850,0.07067880779504776,0.06913560628890991,0.0015432006912305951,0.00032190477941185236
9710,4855,0.060561928898096085,0.057892970740795135,0.002668956760317087,0.00032196438405662775
9720,4860,0.062084995210170746,0.06027127802371979,0.0018137188162654638,0.0003217657213099301
9730,4865,0.061031781136989594,0.058620549738407135,0.002411230467259884,0.0003215869073756039
9740,4870,0.07038719952106476,0.06756724417209625,0.0028199530206620693,0.00032250082585960627
9750,4875,0.06635031849145889,0.0635644719004631,0.0027858468238264322,0.00032287833164446056
9760,4880,0.060987815260887146,0.058455534279346466,0.002532282378524542,0.0003233551688026637
9770,4885,0.06362196058034897,0.06158953160047531,0.002032427117228508,0.000322918058373034
9780,4890,0.07115969806909561,0.06893493235111237,0.002224777126684785,0.0003227790002711117
9790,4895,0.06512235850095749,0.06264971196651459,0.002472648397088051,0.0003235141048207879
9800,4900,0.059963397681713104,0.057142723351716995,0.002820676891133189,0.0003239512152504176
9810,4905,0.06285026669502258,0.06065940111875534,0.002190865110605955,0.0003236929187551141
9820,4910,0.06116365268826485,0.058476708829402924,0.0026869461871683598,0.0003235737094655633
9830,4915,0.05403389781713486,0.05195397883653641,0.0020799203775823116,0.0003247459535486996
9840,4920,0.06788121163845062,0.06576478481292725,0.0021164228674024343,0.00032387173268944025
9850,4925,0.06926064193248749,0.06628897786140442,0.0029716677963733673,0.0003240505466237664
9860,4930,0.06346573680639267,0.06102554500102997,0.002440189477056265,0.0003241499071009457
9870,4935,0.057785481214523315,0.055614061653614044,0.002171423053368926,0.0003234942560084164
9880,4940,0.06312339007854462,0.060040127485990524,0.0030832625925540924,0.0003236333141103387
9890,4945,0.0590767078101635,0.0564909353852272,0.002585776150226593,0.0003253419999964535
9900,4950,0.06406431645154953,0.06205758452415466,0.002006728667765856,0.00032524263951927423
9910,4955,0.05828174203634262,0.056063830852508545,0.0022179116494953632,0.00032490488956682384
9920,4960,0.05373596027493477,0.051069024950265884,0.002666930668056011,0.0003247459535486996
9930,4965,0.06235600262880325,0.05936005339026451,0.0029959524981677532,0.0003246863489039242
9940,4970,0.06800651550292969,0.06545239686965942,0.002554115606471896,0.0003253221220802516
9950,4975,0.055518925189971924,0.05344918742775917,0.0020697396248579025,0.0003248651628382504
9960,4980,0.06662934273481369,0.06377042829990387,0.0028589200228452682,0.00032510358141735196
9970,4985,0.05884229391813278,0.05647427588701248,0.002368018263950944,0.0003249843721278012
9980,4990,0.057388316839933395,0.05509858950972557,0.002289724536240101,0.00032450753496959805
9990,4995,0.057590190321207047,0.056066855788230896,0.001523330109193921,0.00032393133733421564
10000,5000,0.07152974605560303,0.06868714094161987,0.0028425948694348335,0.00032353398273698986
10010,5005,0.06626954674720764,0.06356285512447357,0.002706693485379219,0.00032403069781139493
10020,5010,0.05875194072723389,0.05601167678833008,0.0027402678970247507,0.00032504397677257657
10030,5015,0.06027812138199806,0.05811686813831329,0.0021612574346363544,0.00032413002918474376
10040,5020,0.07026320695877075,0.06803575903177261,0.0022274476941674948,0.00032430884311906993
10050,5025,0.0644901692867279,0.06218038871884346,0.002309781266376376,0.00032524263951927423
10060,5030,0.05196261778473854,0.049557656049728394,0.002404958475381136,0.00032504397677257657
10070,5035,0.051177382469177246,0.048740044236183167,0.002437340095639229,0.0003242691163904965
10080,5040,0.05003634840250015,0.04769724979996681,0.0023390999995172024,0.0003258585638832301
10090,5045,0.07613330334424973,0.07437903434038162,0.0017542706336826086,0.0003251433081459254
10100,5050,0.08257626742124557,0.07941607385873795,0.003160193096846342,0.0003255804185755551
10110,5055,0.05738028138875961,0.055134259164333344,0.002246023388579488,0.00032663342426531017
10120,5060,0.06292880326509476,0.06008707359433174,0.002841728273779154,0.000326732755638659
10130,5065,0.06672028452157974,0.06403607130050659,0.0026842085644602776,0.00032649433705955744
10140,5070,0.05893531069159508,0.0571746826171875,0.0017606273759156466,0.000326454610330984
10150,5075,0.06679751724004745,0.06429516524076462,0.0025023496709764004,0.0003257393545936793
10160,5080,0.06432654708623886,0.061691559851169586,0.002634988632053137,0.0003263354010414332
10170,5085,0.04764228314161301,0.045680560171604156,0.0019617259968072176,0.00032718974398449063
10180,5090,0.06375702470541,0.06138945370912552,0.0023675686679780483,0.0003273288020864129
10190,5095,0.053114939481019974,0.050398197025060654,0.0027167401276528835,0.0003273089532740414
10200,5100,0.06481585651636124,0.06315457820892334,0.0016612751642242074,0.00032701093005016446
10210,5105,0.06909330189228058,0.0670514777302742,0.0020418227650225163,0.000326176465023309
10220,5110,0.054535847157239914,0.05206971615552902,0.002466130070388317,0.0003262360696680844
10230,5115,0.06823817640542984,0.06472355872392654,0.003514616983011365,0.00032728907535783947
10240,5120,0.05724906176328659,0.05470523610711098,0.0025438249576836824,0.00032703077886253595
10250,5125,0.05662330240011215,0.054820697754621506,0.0018026018515229225,0.0003275076160207391
10260,5130,0.06389212608337402,0.06136748567223549,0.002524646231904626,0.00032780563924461603
10270,5135,0.07070713490247726,0.06826622784137726,0.0024408986791968346,0.0003279049997217953
10280,5140,0.07347863912582397,0.07119826972484589,0.002280371030792594,0.000327825517160818
10290,5145,0.06133171543478966,0.05866311118006706,0.002668604953214526,0.0003279844531789422
10300,5150,0.05610202997922897,0.053334228694438934,0.00276779942214489,0.00032701093005016446
10310,5155,0.05980139225721359,0.057309482246637344,0.0024919144343584776,0.00032778579043224454
10320,5160,0.06896984577178955,0.0661671981215477,0.0028026518411934376,0.00032784539507701993
10330,5165,0.06466373801231384,0.06252437084913254,0.0021393646020442247,0.0003279049997217953
10340,5170,0.052939414978027344,0.05044187605381012,0.0024975398555397987,0.0003288387961219996
10350,5175,0.057587116956710815,0.05502136051654816,0.0025657566729933023,0.00032846129033714533
10360,5180,0.0610731840133667,0.058529309928417206,0.0025438773445785046,0.00032788512180559337
10370,5185,0.06133832782506943,0.05852844566106796,0.0028098775073885918,0.0003273884067311883
10380,5190,0.053382229059934616,0.051873594522476196,0.0015086343046277761,0.0003280242090113461
10390,5195,0.05083255469799042,0.04864693805575371,0.002185617107897997,0.00032746788929216564
10400,5200,0.0677419975399971,0.06556477397680283,0.0021772279869765043,0.00032675263355486095
10410,5205,0.059472404420375824,0.057743139564991,0.0017292656702920794,0.0003265142149757594
10420,5210,0.06221906095743179,0.05999067425727844,0.0022283829748630524,0.0003275076160207391
10430,5215,0.06335203349590302,0.061488714069128036,0.0018633161671459675,0.0003274480113759637
10440,5220,0.06449475884437561,0.06251320987939835,0.0019815454725176096,0.00032734868000261486
10450,5225,0.056115757673978806,0.05362978205084801,0.0024859770201146603,0.00032695132540538907
10460,5230,0.05238007754087448,0.050194546580314636,0.0021855360828340054,0.0003269910521339625
10470,5235,0.06630855798721313,0.06366994976997375,0.002638605423271656,0.00032653409289196134
10480,5240,0.0634475126862526,0.06123227998614311,0.002215232700109482,0.00032812354038469493
10490,5245,0.058713678270578384,0.055915795266628265,0.00279788370244205,0.00032822287175804377
10500,5250,0.06715529412031174,0.06492753326892853,0.0022277601528912783,0.0003279049997217953
10510,5255,0.05408215895295143,0.05080169439315796,0.003280468750745058,0.00032925602863542736
10520,5260,0.06026088446378708,0.05789339542388916,0.002367488807067275,0.00032909709261730313
10530,5265,0.05644288286566734,0.053963158279657364,0.002479725982993841,0.00032806393573991954
10540,5270,0.05746922641992569,0.05484053120017052,0.002628698479384184,0.0003290772147011012
10550,5275,0.05767112970352173,0.05527428910136223,0.0023968396708369255,0.00032951432513073087
10560,5280,0.05882861465215683,0.05637648329138756,0.0024521276354789734,0.00032931563328020275
10570,5285,0.06228809803724289,0.06025397405028343,0.0020341258496046066,0.0003292759065516293
10580,5290,0.06545677036046982,0.06328757107257843,0.0021692041773349047,0.0003298321971669793
10590,5295,0.07253431528806686,0.06970617920160294,0.0028281360864639282,0.0003292163019068539
10600,5300,0.06332990527153015,0.060778383165597916,0.0025515309534966946,0.0003298918018117547
10610,5305,0.059274155646562576,0.05716129392385483,0.0021128617227077484,0.00033003088901750743
10620,5310,0.06096956133842468,0.058637239038944244,0.0023323206696659327,0.0003300706157460809
10630,5315,0.05504580959677696,0.05317263305187225,0.0018731765449047089,0.00032891827868297696
10640,5320,0.049413714557886124,0.04766426235437393,0.001749448711052537,0.00032969313906505704
10650,5325,0.058252763003110886,0.056180454790592194,0.002072313567623496,0.00033028918551281095
10660,5330,0.06183834373950958,0.060063667595386505,0.0017746721860021353,0.00033044812153093517
10670,5335,0.04704132303595543,0.04489392042160034,0.0021474044770002365,0.0003306070575490594
10680,5340,0.05784037709236145,0.055905476212501526,0.001934899715706706,0.0003305276040919125
10690,5345,0.0536762960255146,0.05154162645339966,0.002134668407961726,0.0003306070575490594
10700,5350,0.05086733400821686,0.04824959859251976,0.0026177391409873962,0.00033013022039085627
10710,5355,0.05750143527984619,0.05524720624089241,0.0022542341612279415,0.00033024942968040705
10720,5360,0.059462469071149826,0.05752553418278694,0.0019369303481653333,0.00032997128437273204
10730,5365,0.05043421685695648,0.04756947606801987,0.0028647410217672586,0.00033013022039085627
10740,5370,0.06356470286846161,0.06137250363826752,0.0021921966690570116,0.0003298123483546078
10750,5375,0.06650471687316895,0.06349755078554153,0.003007155377417803,0.00032917654607445
10760,5380,0.05522677302360535,0.0528905987739563,0.0023361737839877605,0.0003298123483546078
10770,5385,0.061973970383405685,0.059494078159332275,0.0024798919912427664,0.00033056733082048595
10780,5390,0.05474062263965607,0.052107181400060654,0.0026334403082728386,0.00032969313906505704
10790,5395,0.06752382218837738,0.0658002644777298,0.0017235615523532033,0.0003300110111013055
10800,5400,0.050878144800662994,0.04847300052642822,0.0024051484651863575,0.00032969313906505704
10810,5405,0.05700237676501274,0.05430573970079422,0.0026966349687427282,0.00032965338323265314
10820,5410,0.07069667428731918,0.06822848320007324,0.002468185732141137,0.0003302097029518336
10830,5415,0.05400102958083153,0.051458872854709625,0.002542159054428339,0.0003305276040919125
10840,5420,0.07302998006343842,0.07036742568016052,0.0026625455357134342,0.00033084547612816095
10850,5425,0.061362411826848984,0.05950891226530075,0.001853499561548233,0.00033215677831321955
10860,5430,0.05895804986357689,0.05633747577667236,0.002620573155581951,0.0003316799411550164
10870,5435,0.04780123382806778,0.04580201208591461,0.0019992205779999495,0.00033084547612816095
10880,5440,0.06740362197160721,0.0649549812078476,0.0024486384354531765,0.00033036863896995783
10890,5445,0.05607971176505089,0.054233744740486145,0.0018459698185324669,0.00033044812153093517
10900,5450,0.05651279166340828,0.05496356263756752,0.0015492336824536324,0.00033116337726823986
10910,5455,0.057617560029029846,0.055947791785001755,0.0016697726678103209,0.00033156073186546564
10920,5460,0.05300719663500786,0.050207704305648804,0.00279949139803648,0.0003318389062769711
10930,5465,0.06391842663288116,0.061187129467725754,0.00273130158893764,0.0003323157434351742
10940,5470,0.05392616242170334,0.05204122141003609,0.0018849390326067805,0.00033203756902366877
10950,5475,0.0707130953669548,0.06823977828025818,0.002473312197253108,0.00033287203405052423
10960,5480,0.050793517380952835,0.04844750091433525,0.002346017863601446,0.00033203756902366877
10970,5485,0.05361242964863777,0.0509352907538414,0.002677139127627015,0.000332434952724725
10980,5490,0.06392556428909302,0.06194164976477623,0.001983912428840995,0.00033160048769786954
10990,5495,0.05695381015539169,0.05427197739481926,0.0026818292681127787,0.00033187863300554454
11000,5500,0.06708352267742157,0.06497947871685028,0.002104033948853612,0.0003303289122413844
11010,5505,0.06310046464204788,0.060395728796720505,0.002704733982682228,0.00033056733082048595
11020,5510,0.05293082445859909,0.05141608789563179,0.0015147337689995766,0.00033084547612816095
11030,5515,0.0609133206307888,0.058676160871982574,0.002237156964838505,0.0003306468133814633
11040,5520,0.05846288800239563,0.05621463432908058,0.0022482508793473244,0.0003304083948023617
11050,5525,0.062124982476234436,0.05901215970516205,0.003112819977104664,0.0003306468133814633
11060,5530,0.0626387819647789,0.06023591011762619,0.00240287184715271,0.00033072626683861017
11070,5535,0.05915990471839905,0.056910619139671326,0.0022492818534374237,0.0003306468133814633
11080,5540,0.06448793411254883,0.06118619069457054,0.003301745280623436,0.00033084547612816095
11090,5545,0.060751862823963165,0.059004612267017365,0.0017472493927925825,0.0003308057493995875
11100,5550,0.05752013996243477,0.05500389635562897,0.0025162464007735252,0.00033044812153093517
11110,5555,0.05841539800167084,0.05612760782241821,0.0022877827286720276,0.0003306070575490594
11120,5560,0.0593009814620018,0.05745917931199074,0.00184180261567235,0.0003297725925222039
11130,5565,0.06943544745445251,0.06760340929031372,0.0018320375820621848,0.00033024942968040705
11140,5570,0.0496184416115284,0.047767236828804016,0.001851205830462277,0.0003309249586891383
11150,5575,0.06904122233390808,0.06692689657211304,0.0021143327467143536,0.0003312428598292172
11160,5580,0.07465189695358276,0.07268815487623215,0.0019637441728264093,0.0003312428598292172
11170,5585,0.0492568165063858,0.046915002167224884,0.0023418148048222065,0.0003312428598292172
11180,5590,0.06394696980714798,0.06146715581417084,0.0024798125959932804,0.00033160048769786954
11190,5595,0.06268168985843658,0.06038767471909523,0.002294017933309078,0.00033156073186546564
11200,5600,0.054522909224033356,0.05183575674891472,0.0026871520094573498,0.00033219653414562345
11210,5605,0.06865537166595459,0.06679888814687729,0.0018564814236015081,0.00033287203405052423
11220,5610,0.05839088186621666,0.05612090229988098,0.0022699811961501837,0.00033318993519060314
11230,5615,0.0566459521651268,0.054444655776023865,0.002201295457780361,0.0003328323073219508
11240,5620,0.05711996555328369,0.05397408828139305,0.0031458770390599966,0.0003338257083669305
11250,5625,0.055919237434864044,0.053919099271297455,0.002000139094889164,0.00033275282476097345
11260,5630,0.05817536264657974,0.05581135302782059,0.002364011947065592,0.0003322362608741969
11270,5635,0.05486760288476944,0.05272727459669113,0.0021403273567557335,0.0003322362608741969
11280,5640,0.061773426830768585,0.059734851121902466,0.0020385724492371082,0.0003316799411550164
11290,5645,0.06959979236125946,0.06742195785045624,0.002177834277972579,0.00033259388874284923
11300,5650,0.06546486169099808,0.0635971873998642,0.00186767871491611,0.00033267337130382657
11310,5655,0.0625893622636795,0.05992162227630615,0.0026677348650991917,0.00033318993519060314
11320,5660,0.05924098193645477,0.05613366514444351,0.0031073144637048244,0.0003331502084620297
11330,5665,0.061969880014657974,0.05948788672685623,0.0024819904938340187,0.0003325541620142758
11340,5670,0.061023369431495667,0.05928568169474602,0.0017376912292093039,0.00033267337130382657
11350,5675,0.06616882234811783,0.06418260186910629,0.001986224204301834,0.00033215677831321955
11360,5680,0.059729453176259995,0.05743908882141113,0.002290357369929552,0.00033187863300554454
11370,5685,0.062102049589157104,0.05988052114844322,0.002221526112407446,0.00033215677831321955
11380,5690,0.06439918279647827,0.06172729283571243,0.0026718885637819767,0.0003325541620142758
11390,5695,0.0665135607123375,0.0640716552734375,0.0024419017136096954,0.000331640214426443
11400,5700,0.05788872390985489,0.05569704622030258,0.0021916816476732492,0.00033227598760277033
11410,5705,0.06621551513671875,0.06451013684272766,0.0017053848132491112,0.0003319581155665219
11420,5710,0.05304316431283951,0.050742726773023605,0.002300434745848179,0.00033267337130382657
11430,5715,0.0615592822432518,0.05951252952218056,0.002046752953901887,0.0003330309991724789
11440,5720,0.05694463476538658,0.05425636097788811,0.0026882747188210487,0.00033128258655779064
11450,5725,0.05603611841797829,0.05387541279196739,0.0021607063245028257,0.00033247467945329845
11460,5730,0.06806419044733047,0.06579418480396271,0.002270002383738756,0.000331640214426443
11470,5735,0.0571836456656456,0.05407378450036049,0.0031098630279302597,0.0003319978422950953
11480,5740,0.06023494899272919,0.05780778452754021,0.0024271674919873476,0.0003319581155665219
11490,5745,0.06303268671035767,0.060499731451272964,0.0025329510681331158,0.0003327130980324
11500,5750,0.05925761163234711,0.05706438794732094,0.0021932246163487434,0.00033235547016374767
11510,5755,0.04587344825267792,0.04348093271255493,0.0023925150744616985,0.00033307072590105236
11520,5760,0.05769295245409012,0.0561659149825573,0.0015270340954884887,0.0003340244002174586
11530,5765,0.062322720885276794,0.060769155621528625,0.0015535636339336634,0.00033406412694603205
11540,5770,0.0713539570569992,0.06902972608804703,0.002324232831597328,0.00033450123737566173
11550,5775,0.050164319574832916,0.04779641702771187,0.0023679055739194155,0.0003335872897878289
11560,5780,0.058140091598033905,0.0562969371676445,0.0018431500066071749,0.00033426281879656017
11570,5785,0.058560870587825775,0.056591812521219254,0.001969056436792016,0.0003336270456202328
11580,5790,0.052065230906009674,0.05018416792154312,0.0018810646142810583,0.00033418333623558283
11590,5795,0.059363726526498795,0.057506948709487915,0.0018567782826721668,0.00033334887120872736
11600,5800,0.051248740404844284,0.04886198416352272,0.002386756706982851,0.0003346204466652125
11610,5805,0.056568458676338196,0.0545225515961647,0.0020459082443267107,0.00033394491765648127
11620,5810,0.04866429790854454,0.04650692641735077,0.002157372422516346,0.0003349383478052914
11630,5815,0.05182834714651108,0.04982764646410942,0.0020007011480629444,0.00033454096410423517
11640,5820,0.050198763608932495,0.04864364117383957,0.0015551218530163169,0.0003350178012624383
11650,5825,0.06692010909318924,0.06470022350549698,0.002219890709966421,0.0003346204466652125
11660,5830,0.06638754904270172,0.06403863430023193,0.002348913112655282,0.0003348985919728875
11670,5835,0.0552300326526165,0.05319149047136307,0.0020385400857776403,0.00033418333623558283
11680,5840,0.054744377732276917,0.05287965387105942,0.001864727819338441,0.0003348985919728875
11690,5845,0.061665378510951996,0.05953932926058769,0.0021260471548885107,0.00033541518496349454
11700,5850,0.050184089690446854,0.047660745680332184,0.002523341914638877,0.000335176766384393
11710,5855,0.06053096801042557,0.057952072471380234,0.002578896936029196,0.0003348588652443141
11720,5860,0.060010701417922974,0.058164551854133606,0.0018461435101926327,0.0003343423013575375
11730,5865,0.06101229786872864,0.05938870459794998,0.0016235971124842763,0.000335733056999743
11740,5870,0.05034562945365906,0.048176225274801254,0.002169399056583643,0.0003352164931129664
11750,5875,0.04934472590684891,0.04791368171572685,0.0014310430269688368,0.00033469992922618985
11760,5880,0.062292613089084625,0.0601164884865284,0.0021761280950158834,0.0003343025455251336
11770,5885,0.050339944660663605,0.04833349585533142,0.0020064483396708965,0.00033454096410423517
11780,5890,0.060169510543346405,0.058779824525117874,0.0013896808959543705,0.00033497807453386486
11790,5895,0.04801315814256668,0.045943353325128555,0.0020698057487607002,0.00033418333623558283
11800,5900,0.05897408351302147,0.05665019899606705,0.0023238863795995712,0.0003333091444801539
11810,5905,0.059664882719516754,0.05764409154653549,0.002020791871473193,0.00033410388277843595
11820,5910,0.05913810431957245,0.057426817715168,0.0017112891655415297,0.0003337462549097836
11830,5915,0.06385992467403412,0.0612376406788826,0.0026222807355225086,0.00033378598163835704
11840,5920,0.05695869028568268,0.05447841435670853,0.002480271738022566,0.0003335872897878289
11850,5925,0.054326921701431274,0.05226840451359749,0.0020585188176482916,0.0003332694177515805
11860,5930,0.046829596161842346,0.0446561798453331,0.0021734186448156834,0.0003337462549097836
11870,5935,0.05949524790048599,0.05729588493704796,0.0021993638947606087,0.0003338654641993344
11880,5940,0.059174202382564545,0.056812189519405365,0.0023620121646672487,0.0003332296619191766
11890,5945,0.06043426692485809,0.057871297001838684,0.002562964800745249,0.00033350783633068204
11900,5950,0.05195443332195282,0.050332676619291306,0.0016217546071857214,0.0003328323073219508
11910,5955,0.06982281059026718,0.06809478998184204,0.0017280220054090023,0.00033334887120872736
11920,5960,0.05006204545497894,0.04758637771010399,0.0024756668135523796,0.00033378598163835704
11930,5965,0.06408977508544922,0.061737313866615295,0.0023524602875113487,0.0003336270456202328
11940,5970,0.054038211703300476,0.05215144902467728,0.0018867689650505781,0.0003335872897878289
11950,5975,0.059453703463077545,0.05769748613238335,0.001756214303895831,0.0003338257083669305
11960,5980,0.04917198792099953,0.047284651547670364,0.0018873371882364154,0.00033334887120872736
11970,5985,0.053161002695560455,0.05091855302453041,0.0022424524649977684,0.0003331104526296258
11980,5990,0.0519750751554966,0.04979376122355461,0.0021813134662806988,0.0003339051909279078
11990,5995,0.05948803201317787,0.05733238533139229,0.0021556485444307327,0.0003338654641993344
12000,6000,0.05279351770877838,0.05035816878080368,0.0024353470653295517,0.0003335872897878289
12010,6005,0.06444711983203888,0.06206686049699783,0.0023802551440894604,0.00033318993519060314
12020,6010,0.06524244695901871,0.06367221474647522,0.0015702322125434875,0.0003325144061818719
12030,6015,0.061446964740753174,0.059986598789691925,0.0014603704912588,0.00033350783633068204
12040,6020,0.06314393877983093,0.060202449560165405,0.0029414906166493893,0.00033235547016374767
12050,6025,0.07135488092899323,0.06881734728813171,0.0025375322438776493,0.0003323951968923211
12060,6030,0.05278373137116432,0.050545528531074524,0.002238205634057522,0.0003325144061818719
12070,6035,0.05883154273033142,0.0570836067199707,0.0017479408998042345,0.00033203756902366877
12080,6040,0.05713556334376335,0.055081721395254135,0.0020538412500172853,0.0003317196969874203
12090,6045,0.058809395879507065,0.05687803402543068,0.0019313674420118332,0.00033187863300554454
12100,6050,0.06170728802680969,0.05944487452507019,0.0022624179255217314,0.00033187863300554454
12110,6055,0.05776401236653328,0.05586527660489082,0.001898737158626318,0.00033267337130382657
12120,6060,0.05931146815419197,0.05741553753614426,0.001895931432954967,0.00033279258059337735
12130,6065,0.059164710342884064,0.05720531940460205,0.001959394197911024,0.0003319978422950953
12140,6070,0.06304393708705902,0.060584165155887604,0.002459773560985923,0.0003334283537697047
12150,6075,0.05090545117855072,0.048628658056259155,0.0022767921909689903,0.0003327130980324
12160,6080,0.057678498327732086,0.05542084574699402,0.0022576553747057915,0.00033275282476097345
12170,6085,0.056383535265922546,0.053877294063568115,0.002506240736693144,0.0003328323073219508
12180,6090,0.06081110239028931,0.058551087975502014,0.0022600130178034306,0.00033267337130382657
12190,6095,0.05805607885122299,0.055705904960632324,0.002350170398131013,0.00033263361547142267
12200,6100,0.060056038200855255,0.05832308530807495,0.0017329594120383263,0.0003323951968923211
12210,6105,0.05570969730615616,0.05268148332834244,0.0030282102525234222,0.0003332694177515805
12220,6110,0.06569578498601913,0.06432579457759857,0.0013699870323762298,0.000332434952724725
12230,6115,0.0548846609890461,0.052983999252319336,0.0019006611546501517,0.00033346808049827814
12240,6120,0.05312441289424896,0.0511176697909832,0.002006744034588337,0.0003330309991724789
12250,6125,0.060376569628715515,0.058434344828128815,0.0019422232871875167,0.00033338862704113126
12260,6130,0.06535787880420685,0.06292271614074707,0.002435165224596858,0.00033338862704113126
12270,6135,0.06341007351875305,0.0612645260989666,0.0021455474197864532,0.00033418333623558283
12280,6140,0.06489583849906921,0.06307341158390045,0.0018224316881969571,0.0003338257083669305
12290,6145,0.0580800324678421,0.05597751960158348,0.0021025151945650578,0.00033410388277843595
12300,6150,0.05294670909643173,0.05106482654809952,0.001881878124549985,0.0003338257083669305
12310,6155,0.06660096347332001,0.06463782489299774,0.0019631311297416687,0.0003332296619191766
12320,6160,0.06053096801042557,0.05905456468462944,0.0014764026273041964,0.00033366677234880626
12330,6165,0.04537767544388771,0.04366917163133621,0.0017085050931200385,0.00033366677234880626
12340,6170,0.05383160337805748,0.05172308161854744,0.0021085215266793966,0.0003331502084620297
12350,6175,0.056427568197250366,0.054220378398895264,0.002207188867032528,0.00033338862704113126
12360,6180,0.04373736307024956,0.04172159731388092,0.0020157680846750736,0.00033406412694603205
12370,6185,0.061032623052597046,0.058697350323200226,0.002335268771275878,0.00033438202808611095
12380,6190,0.0626756027340889,0.0601392462849617,0.002536360640078783,0.00033454096410423517
12390,6195,0.057854264974594116,0.055604688823223114,0.002249574987217784,0.00033469992922618985
12400,6200,0.058959051966667175,0.05684752017259598,0.0021115278359502554,0.00033458071993663907
12410,6205,0.05243832617998123,0.050484899431467056,0.001953424420207739,0.0003348588652443141
12420,6210,0.06144028156995773,0.05870305001735687,0.0027372296899557114,0.0003353357024025172
12430,6215,0.06401310861110687,0.062081608921289444,0.0019314950332045555,0.00033601123141124845
12440,6220,0.06210537254810333,0.05950779467821121,0.0025975764729082584,0.00033589202212169766
12450,6225,0.057798657566308975,0.055293019860982895,0.002505639800801873,0.00033509728382341564
12460,6230,0.060993410646915436,0.05900068208575249,0.0019927204120904207,0.0003354946384206414
12470,6235,0.06249449402093887,0.06062709167599678,0.001867400947958231,0.00033525621984153986
12480,6240,0.053711168467998505,0.05165167897939682,0.002059487160295248,0.00033418333623558283
12490,6245,0.055288612842559814,0.05313770845532417,0.002150903921574354,0.00033406412694603205
12500,6250,0.07295545935630798,0.07075989246368408,0.002195563865825534,0.0003335475630592555
12510,6255,0.0540885254740715,0.05165008082985878,0.0024384446442127228,0.0003334283537697047
12520,6260,0.06312175840139389,0.06156492233276367,0.0015568372327834368,0.0003334283537697047
12530,6265,0.05531008169054985,0.052892424166202545,0.0024176568258553743,0.00033469992922618985
12540,6270,0.060612089931964874,0.05925629287958145,0.0013557919301092625,0.0003342230920679867
12550,6275,0.05496226251125336,0.053396571427583694,0.0015656959731131792,0.0003337462549097836
12560,6280,0.05643356963992119,0.054465148597955704,0.0019684217404574156,0.000335454911692068
12570,6285,0.05503559857606888,0.05322611704468727,0.0018094850238412619,0.00033458071993663907
12580,6290,0.05251831188797951,0.05091382563114166,0.0016044874209910631,0.0003338654641993344
12590,6295,0.06227220594882965,0.06009795889258385,0.0021742451936006546,0.0003338654641993344
12600,6300,0.05160727724432945,0.04991605505347252,0.0016912210267037153,0.00033466017339378595
12610,6305,0.05533616617321968,0.05277116596698761,0.0025650030001997948,0.00033334887120872736
12620,6310,0.05929718166589737,0.057064566761255264,0.002232619561254978,0.0003343423013575375
12630,6315,0.06754262000322342,0.06542455404996872,0.002118057105690241,0.0003340244002174586
12640,6320,0.052383504807949066,0.05010221526026726,0.0022812914103269577,0.000335454911692068
12650,6325,0.05427257716655731,0.052294373512268066,0.0019782017916440964,0.0003343025455251336
12660,6330,0.059347011148929596,0.05732610076665878,0.0020209052599966526,0.0003337064990773797
12670,6335,0.05687617138028145,0.05525783449411392,0.001618333044461906,0.0003331502084620297
12680,6340,0.050223350524902344,0.048463255167007446,0.0017600987339392304,0.0003343025455251336
12690,6345,0.05294310301542282,0.05088008940219879,0.0020630136132240295,0.0003341436095070094
12700,6350,0.05577610433101654,0.05407460778951645,0.0017014943296089768,0.0003339051909279078
12710,6355,0.06214309111237526,0.06027182191610336,0.0018712705932557583,0.00033454096410423517
12720,6360,0.055093370378017426,0.052958689630031586,0.002134681213647127,0.00033410388277843595
12730,6365,0.05968662351369858,0.058359295129776,0.0013273286167532206,0.00033466017339378595
12740,6370,0.05088720843195915,0.0484909787774086,0.0023962296545505524,0.00033466017339378595
12750,6375,0.054198212921619415,0.05233030766248703,0.001867904793471098,0.0003342230920679867
12760,6380,0.05741965398192406,0.05534755066037178,0.0020721054170280695,0.0003342230920679867
12770,6385,0.0629466325044632,0.06035676598548889,0.0025898669846355915,0.0003337462549097836
12780,6390,0.05347365513443947,0.052141737192869186,0.0013319207355380058,0.00033525621984153986
12790,6395,0.05956888943910599,0.057359106838703156,0.0022097770124673843,0.00033410388277843595
12800,6400,0.057377979159355164,0.05514784902334213,0.0022301357239484787,0.00033469992922618985
12810,6405,0.06275862455368042,0.06000017002224922,0.002758453134447336,0.0003341436095070094
12820,6410,0.051759250462055206,0.05013718083500862,0.0016220700927078724,0.00033469992922618985
12830,6415,0.0533355288207531,0.051272470504045486,0.0020630541257560253,0.0003346204466652125
12840,6420,0.06067448481917381,0.058373600244522095,0.002300884574651718,0.00033426281879656017
12850,6425,0.056152161210775375,0.0540093369781971,0.0021428302861750126,0.0003335475630592555
12860,6430,0.061289671808481216,0.05919133126735687,0.002098341239616275,0.00033406412694603205
12870,6435,0.05311325937509537,0.05153574049472809,0.0015775174833834171,0.0003338654641993344
12880,6440,0.055007874965667725,0.053240273147821426,0.0017676035640761256,0.00033410388277843595
12890,6445,0.053701989352703094,0.05176474153995514,0.0019372469978407025,0.0003338654641993344
12900,6450,0.05293770879507065,0.05106731504201889,0.0018703978275880218,0.000335454911692068
12910,6455,0.04961249232292175,0.04684558883309364,0.002766902092844248,0.0003341436095070094
12920,6460,0.05473826825618744,0.05310773104429245,0.0016305316239595413,0.0003344217548146844
12930,6465,0.05851311981678009,0.05594978481531143,0.002563333138823509,0.00033537542913109064
12940,6470,0.0558989942073822,0.053677331656217575,0.0022216641809791327,0.00033509728382341564
12950,6475,0.06154753640294075,0.05969339981675148,0.001854138681665063,0.0003344217548146844
12960,6480,0.05920133739709854,0.05712378770112991,0.0020775501616299152,0.0003344217548146844
12970,6485,0.05621056258678436,0.0533766895532608,0.002833873964846134,0.00033617016742937267
12980,6490,0.06014511361718178,0.05842982232570648,0.0017152884975075722,0.0003361304407007992
12990,6495,0.06779583543539047,0.06591521203517914,0.0018806292209774256,0.0003356138477101922
13000,6500,0.05154644325375557,0.050121009349823,0.0014254354173317552,0.0003362098941579461
13010,6505,0.062284182757139206,0.06037524342536926,0.0019089439883828163,0.000335454911692068
13020,6510,0.050531063228845596,0.0479942187666893,0.002536843530833721,0.0003358125395607203
13030,6515,0.05675765872001648,0.05473824590444565,0.0020194135140627623,0.00033692512079142034
13040,6520,0.05157846212387085,0.04976426064968109,0.0018142013577744365,0.00033624964999035
13050,6525,0.06297502666711807,0.06074284017086029,0.0022321876604110003,0.0003358125395607203
13060,6530,0.06609643250703812,0.06387031078338623,0.002226129872724414,0.00033589196391403675
13070,6535,0.05255892872810364,0.05092990770936012,0.0016290202038362622,0.000335454911692068
13080,6540,0.05932527035474777,0.05714770033955574,0.002177565125748515,0.00033509728382341564
13090,6545,0.054550446569919586,0.05282127857208252,0.001729166368022561,0.0003346204466652125
13100,6550,0.05962613597512245,0.057916004210710526,0.0017101317644119263,0.00033477938268333673
13110,6555,0.05665674805641174,0.053156666457653046,0.0035000848583877087,0.0003358125395607203
13120,6560,0.058870039880275726,0.056944187730550766,0.0019258529646322131,0.00033454096410423517
13130,6565,0.052241381257772446,0.050436265766620636,0.0018051178194582462,0.00033418333623558283
13140,6570,0.05967839062213898,0.05787467956542969,0.00180371745955199,0.0003358125395607203
13150,6575,0.05891771614551544,0.05721019580960274,0.0017075203359127045,0.000335176766384393
13160,6580,0.06238364428281784,0.06013473868370056,0.0022489093244075775,0.0003356536035425961
13170,6585,0.04991365969181061,0.048161737620830536,0.001751921372488141,0.0003350575570948422
13180,6590,0.05423551797866821,0.05276057869195938,0.0014749378897249699,0.0003347396559547633
13190,6595,0.04894658923149109,0.04682966321706772,0.002116924151778221,0.0003350178012624383
13200,6600,0.054691337049007416,0.05312827229499817,0.0015630638226866722,0.00033541518496349454
13210,6605,0.050240837037563324,0.04840172082185745,0.001839115284383297,0.0003355343942530453
13220,6610,0.07004903256893158,0.06766577810049057,0.0023832526057958603,0.00033525621984153986
13230,6615,0.055442385375499725,0.053270548582077026,0.0021718377247452736,0.0003358125395607203
13240,6620,0.05410143733024597,0.05226057022809982,0.001840866869315505,0.00033469992922618985
13250,6625,0.0616949126124382,0.0590413361787796,0.002653578296303749,0.00033410388277843595
13260,6630,0.05361494421958923,0.0514555387198925,0.002159409923478961,0.00033624964999035
13270,6635,0.050726987421512604,0.04896698519587517,0.0017600010614842176,0.0003338654641993344
13280,6640,0.04545825719833374,0.04384947568178177,0.0016087801195681095,0.0003338654641993344
13290,6645,0.05762893706560135,0.055833492428064346,0.001795445685274899,0.00033418333623558283
13300,6650,0.05874534696340561,0.057352833449840546,0.0013925101375207305,0.0003355343360453844
13310,6655,0.03537184000015259,0.033504270017147064,0.0018675689352676272,0.0003358125395607203
13320,6660,0.04289054498076439,0.040903810411691666,0.0019867345690727234,0.0003352164931129664
13330,6665,0.04925326257944107,0.047495145350694656,0.001758115366101265,0.0003343423013575375
13340,6670,0.05275585874915123,0.05081009119749069,0.0019457689486443996,0.00033469992922618985
13350,6675,0.05023285001516342,0.04814634472131729,0.002086506225168705,0.00033509728382341564
13360,6680,0.04841498285531998,0.04690340906381607,0.0015115757705643773,0.0003352164931129664
13370,6685,0.06359001994132996,0.061757128685712814,0.0018328932346776128,0.0003344615106470883
13380,6690,0.06138394773006439,0.05861987918615341,0.0027640715707093477,0.00033509728382341564
13390,6695,0.04993324726819992,0.04831144958734512,0.0016217931406572461,0.0003356536035425961
13400,6700,0.047543756663799286,0.045624397695064545,0.0019193636253476143,0.00033609065576456487
13410,6705,0.04992326349020004,0.048207804560661316,0.0017154577653855085,0.000335454911692068
13420,6710,0.04448135197162628,0.04287242144346237,0.0016089300625026226,0.000336845638230443
13430,6715,0.04828239977359772,0.04670527204871178,0.0015771322650834918,0.00033628937671892345
13440,6720,0.05706748366355896,0.05527301877737045,0.0017944711726158857,0.0003356138477101922
13450,6725,0.054026663303375244,0.052119478583335876,0.0019071869319304824,0.00033477938268333673
13460,6730,0.06586089730262756,0.06378228962421417,0.002078613732010126,0.0003347396559547633
13470,6735,0.051630161702632904,0.05011940002441406,0.0015107670333236456,0.00033525621984153986
13480,6740,0.05427031219005585,0.052505671977996826,0.001764641609042883,0.00033477938268333673
13490,6745,0.05055621266365051,0.048605602234601974,0.0019506155513226986,0.00033450123737566173
13500,6750,0.05038896203041077,0.048671599477529526,0.0017173637170344591,0.0003355343942530453
13510,6755,0.05435359477996826,0.052134573459625244,0.0022190201561897993,0.00033589202212169766
13520,6760,0.06826917082071304,0.06610047817230225,0.0021686963737010956,0.0003362098941579461
13530,6765,0.049526117742061615,0.04710948467254639,0.002416637958958745,0.00033537542913109064
13540,6770,0.052752766758203506,0.05132719874382019,0.0014255682472139597,0.0003363291034474969
13550,6775,0.05934455990791321,0.05741998553276062,0.0019245741423219442,0.0003362098941579461
13560,6780,0.052485086023807526,0.050881098955869675,0.001603984273970127,0.00033454096410423517
13570,6785,0.06146965175867081,0.059683799743652344,0.0017858478240668774,0.00033497807453386486
13580,6790,0.04560517892241478,0.043711334466934204,0.00189384282566607,0.00033533567329868674
13590,6795,0.05545879900455475,0.053105756640434265,0.002353047952055931,0.0003353754000272602
13600,6800,0.05385872349143028,0.05243556573987007,0.0014231562381610274,0.0003354548825882375
13610,6805,0.054641883820295334,0.05203038081526756,0.002611501608043909,0.0003352561907377094
13620,6810,0.051948126405477524,0.05008086562156677,0.001867261016741395,0.0003364482836332172
13630,6815,0.053190141916275024,0.051157981157302856,0.0020321581978350878,0.0003352561907377094
13640,6820,0.061414141207933426,0.05997856706380844,0.0014355728635564446,0.0003355740918777883
13650,6825,0.06801775842905045,0.06601989269256592,0.0019978678319603205,0.00033593171974644065
13660,6830,0.051705360412597656,0.049693189561367035,0.0020121666602790356,0.00033517670817673206
13670,6835,0.04854166507720947,0.0461936853826046,0.00234797690063715,0.00033438202808611095
13680,6840,0.054344624280929565,0.052166230976581573,0.002178389811888337,0.0003348588361404836
13690,6845,0.052215930074453354,0.0505644716322422,0.0016514580929651856,0.00033438202808611095
13700,6850,0.05937056243419647,0.05760662630200386,0.00176393857691437,0.0003348588652443141
13710,6855,0.05804845690727234,0.05622207000851631,0.0018263885285705328,0.00033549460931681097
13720,6860,0.05692903697490692,0.05557245761156082,0.001356578664854169,0.0003364482836332172
13730,6865,0.047508250921964645,0.04529324173927307,0.0022150056902319193,0.00033597147557884455
13740,6870,0.06110040470957756,0.05954164266586304,0.0015587639063596725,0.0003352164931129664
13750,6875,0.05656116455793381,0.05496254190802574,0.0015986217185854912,0.00033573302789591253
13760,6880,0.059088148176670074,0.057370565831661224,0.0017175826942548156,0.00033620986505411565
13770,6885,0.05800392106175423,0.05551573261618614,0.0024881879799067974,0.0003362495917826891
13780,6890,0.06290905177593231,0.06082917004823685,0.0020798840560019016,0.0003364085569046438
13790,6895,0.06147695705294609,0.0595860593020916,0.001890894491225481,0.0003361701383255422
13800,6900,0.060142382979393005,0.058559246361255646,0.0015831412747502327,0.0003359714464750141
13810,6905,0.055935338139534,0.053739167749881744,0.0021961666643619537,0.00033632907434366643
13820,6910,0.04745952785015106,0.045711714774370193,0.0017478085355833173,0.00033660721965134144
13830,6915,0.05342104285955429,0.051821574568748474,0.0015994681743904948,0.0003369648475199938
13840,6920,0.05220470577478409,0.05044763535261154,0.0017570704221725464,0.000336845638230443
13850,6925,0.0516185387969017,0.04955252259969711,0.0020660199224948883,0.000336845638230443
13860,6930,0.04910498484969139,0.04781265929341316,0.0012923255562782288,0.00033799800439737737
13870,6935,0.05706952512264252,0.05460550636053085,0.0024640182964503765,0.0003375608939677477
13880,6940,0.045578233897686005,0.043417032808065414,0.002161199925467372,0.0003370443300809711
13890,6945,0.05438634380698204,0.05241041257977486,0.001975931692868471,0.0003356535453349352
13900,6950,0.045506443828344345,0.043418578803539276,0.0020878673531115055,0.00033593171974644065
13910,6955,0.05851544067263603,0.056244876235723495,0.0022705676965415478,0.00033652776619419456
13920,6960,0.045032765716314316,0.04341169446706772,0.0016210735775530338,0.00033664697548374534
13930,6965,0.05545126274228096,0.05362425372004509,0.001827009953558445,0.00033652776619419456
13940,6970,0.06222981959581375,0.059847474098205566,0.0023823450319468975,0.00033724302193149924
13950,6975,0.054798673838377,0.052465807646512985,0.0023328710813075304,0.0003371635393705219
13960,6980,0.055846184492111206,0.054205503314733505,0.0016406811773777008,0.00033692512079142034
13970,6985,0.05626656115055084,0.05425558239221573,0.0020109794568270445,0.0003374814405106008
13980,6990,0.050461769104003906,0.048573173582553864,0.001888591912575066,0.0003375608939677477
13990,6995,0.04399119317531586,0.042883116751909256,0.001108080497942865,0.00033764037652872503
14000,7000,0.0566394105553627,0.05534309893846512,0.0012963138287886977,0.0003374416846781969
14010,7005,0.056600674986839294,0.054908387362957,0.0016922882059589028,0.00033648801036179066
14020,7010,0.05100041255354881,0.04911098629236221,0.0018894253298640251,0.00033660721965134144
14030,7015,0.055122386664152145,0.05258726328611374,0.0025351247750222683,0.00033791852183640003
14040,7020,0.059491101652383804,0.057648636400699615,0.0018424685113132,0.0003368456964381039
14050,7025,0.05275004729628563,0.051255106925964355,0.0014949394389986992,0.00033660727785900235
14060,7030,0.044084370136260986,0.042451657354831696,0.001632713247090578,0.000336527795298025
14070,7035,0.03964325785636902,0.037668757140636444,0.001974500250071287,0.0003362495917826891
14080,7040,0.05351855605840683,0.05205671489238739,0.001461842330172658,0.00033624964999035
14090,7045,0.055704016238451004,0.05374344810843468,0.001960567431524396,0.00033680591150186956
14100,7050,0.05670414865016937,0.05482694134116173,0.0018772092880681157,0.00033660727785900235
14110,7055,0.045487381517887115,0.04335218667984009,0.002135202754288912,0.00033736223122105
14120,7060,0.05499307066202164,0.05278352275490761,0.0022095460444688797,0.00033720326609909534
14130,7065,0.04347328841686249,0.04117167368531227,0.0023016182240098715,0.0003381569404155016
14140,7070,0.048997316509485245,0.047799527645111084,0.001197784673422575,0.00033791858004406095
14150,7075,0.05443616211414337,0.05254380777478218,0.0018923570169135928,0.00033795827766880393
14160,7080,0.05202428996562958,0.05027870088815689,0.0017455866327509284,0.0003381569404155016
14170,7085,0.05777900665998459,0.05672784149646759,0.0010511670261621475,0.0003374417428858578
14180,7090,0.05453683063387871,0.05260728299617767,0.001929552759975195,0.0003376404056325555
14190,7095,0.060270510613918304,0.05760453641414642,0.0026659725699573755,0.00033871326013468206
14200,7100,0.06475502252578735,0.06289369612932205,0.0018613211577758193,0.0003383159055374563
14210,7105,0.06132509931921959,0.059944070875644684,0.001381025998853147,0.0003373224753886461
14220,7110,0.059458885341882706,0.05799767002463341,0.0014612148515880108,0.00033664697548374534
14230,7115,0.050807561725378036,0.049029018729925156,0.0017785434611141682,0.00033692512079142034
14240,7120,0.059329207986593246,0.05776854604482651,0.0015606593806296587,0.0003383159055374563
14250,7125,0.049083106219768524,0.047458719462156296,0.0016243865247815847,0.00033839535899460316
14260,7130,0.05261339247226715,0.051027216017246246,0.0015861777355894446,0.0003372827486600727
14270,7135,0.05627584829926491,0.05421468988060951,0.0020611616782844067,0.0003371635393705219
14280,7140,0.05096614733338356,0.04942704364657402,0.0015391027554869652,0.0003369648475199938
14290,7145,0.04577161371707916,0.044222477823495865,0.0015491328667849302,0.00033597147557884455
14300,7150,0.04825294390320778,0.04617844521999359,0.0020744996145367622,0.0003356933011673391
14310,7155,0.04675246775150299,0.04519953206181526,0.0015529340598732233,0.0003371635393705219
14320,7160,0.05174773186445236,0.050203174352645874,0.0015445593744516373,0.00033601123141124845
14330,7165,0.06234373524785042,0.060650985687971115,0.0016927504912018776,0.00033660721965134144
14340,7170,0.05056648328900337,0.04874700307846069,0.001819478813558817,0.0003362098941579461
14350,7175,0.05179373919963837,0.049854714423418045,0.0019390234956517816,0.0003361701383255422
14360,7180,0.049909595400094986,0.048461079597473145,0.00144851952791214,0.00033740195794962347
14370,7185,0.05181906372308731,0.04981733113527298,0.002001730725169182,0.00033764037652872503
14380,7190,0.05781702697277069,0.055983856320381165,0.0018331698374822736,0.0003373224753886461
14390,7195,0.053410597145557404,0.05144922062754631,0.001961376518011093,0.00033648806856945157
14400,7200,0.054514095187187195,0.05286451429128647,0.0016495778691023588,0.0003356536035425961
14410,7205,0.04888158291578293,0.047040827572345734,0.0018407595343887806,0.0003372827486600727
14420,7210,0.054948970675468445,0.053206395357847214,0.001742575434036553,0.0003375608939677477
14430,7215,0.0679524689912796,0.06577293574810028,0.002179533476009965,0.0003380377311259508
14440,7220,0.058402348309755325,0.05656762421131134,0.0018347239820286632,0.00033720332430675626
14450,7225,0.04829186946153641,0.04678190499544144,0.0015099650481715798,0.0003374019870534539
14460,7230,0.056427497416734695,0.05483410507440567,0.0015933894319459796,0.00033799800439737737
14470,7235,0.04319760948419571,0.041280657052993774,0.0019169477745890617,0.0003369251498952508
14480,7240,0.051832228899002075,0.049762263894081116,0.002069962676614523,0.00033768010325729847
14490,7245,0.05853487551212311,0.056403689086437225,0.002131183398887515,0.0003375609521754086
14500,7250,0.04966825991868973,0.0480479896068573,0.0016202728729695082,0.0003374019870534539
14510,7255,0.060502149164676666,0.05837967246770859,0.002122476464137435,0.00033783906837925315
14520,7260,0.04892713576555252,0.04754599928855896,0.001381141017191112,0.00033851456828415394
14530,7265,0.053965188562870026,0.05265016108751297,0.0013150307349860668,0.0003389516787137836
14540,7270,0.051381006836891174,0.05018346384167671,0.001197540550492704,0.00033903116127476096
14550,7275,0.05374433472752571,0.05214240401983261,0.0016019312897697091,0.00033883246942423284
14560,7280,0.05464904382824898,0.05253982916474342,0.0021092151291668415,0.0003392298240214586
14570,7285,0.047017283737659454,0.04498162493109703,0.0020356560125947,0.00033855432411655784
14580,7290,0.05113484710454941,0.049075931310653687,0.002058914629742503,0.00033930930658243597
14590,7295,0.05880109965801239,0.05718258023262024,0.0016185181448236108,0.00033942851587198675
14600,7300,0.05211891978979111,0.0502675324678421,0.001851384644396603,0.00033942851587198675
14610,7305,0.06099965050816536,0.059207767248153687,0.0017918851226568222,0.0003393490333110094
14620,7310,0.05300554260611534,0.051326047629117966,0.0016794921830296516,0.0003380774869583547
14630,7315,0.05615899711847305,0.054205313324928284,0.001953684724867344,0.0003380377893336117
14640,7320,0.05928586423397064,0.05743946135044098,0.0018464036984369159,0.0003391900972928852
14650,7325,0.05201496556401253,0.050664518028497696,0.001350446604192257,0.00033883246942423284
14660,7330,0.05527554824948311,0.0534147247672081,0.0018608225509524345,0.00033851456828415394
14670,7335,0.05542594566941261,0.05399008095264435,0.0014358640182763338,0.0003381569404155016
14680,7340,0.04975296929478645,0.04812566190958023,0.0016273106448352337,0.0003382762079127133
14690,7345,0.058268625289201736,0.056639716029167175,0.0016289097256958485,0.0003393887891434133
14700,7350,0.05054589733481407,0.048558056354522705,0.0019878377206623554,0.00033775961492210627
14710,7355,0.058543700724840164,0.05679621919989586,0.001747477799654007,0.0003390708880033344
14720,7360,0.06854727119207382,0.06692061573266983,0.0016266538295894861,0.00033954772516153753
14730,7365,0.04889082536101341,0.04730655997991562,0.0015842634020373225,0.00033942851587198675
14740,7370,0.05919799581170082,0.05724442005157471,0.001953575760126114,0.0003389516787137836
14750,7375,0.05200270563364029,0.050143271684646606,0.0018594346474856138,0.0003401834983378649
14760,7380,0.05858934670686722,0.05633314698934555,0.0022562025114893913,0.00033938881824724376
14770,7385,0.05991382896900177,0.0580030232667923,0.001910805469378829,0.0003393887891434133
14780,7390,0.05336076393723488,0.05198172852396965,0.0013790368102490902,0.00033899140544235706
14790,7395,0.05574376508593559,0.05378158017992973,0.0019621867686510086,0.0003390708880033344
14800,7400,0.04222934693098068,0.04107796400785446,0.001151384087279439,0.00033982587046921253
14810,7405,0.04438461363315582,0.043039146810770035,0.0013454692671075463,0.000340104044880718
14820,7410,0.051478829234838486,0.05004250258207321,0.0014363285154104233,0.00034046167274937034
14830,7415,0.04681650176644325,0.04501497745513916,0.0018015243113040924,0.0003401834983378649
14840,7420,0.04590502381324768,0.043845538049936295,0.0020594897214323282,0.00033982587046921253
14850,7425,0.0639553964138031,0.06245580315589905,0.001499589066952467,0.0003393490333110094
14860,7430,0.05297612398862839,0.05111130326986313,0.0018648235127329826,0.00033986562630161643
14870,7435,0.056121669709682465,0.05459069460630417,0.0015309706795960665,0.0003409782366361469
14880,7440,0.049941837787628174,0.04797445237636566,0.0019673847127705812,0.0003409782366361469
14890,7445,0.050474781543016434,0.04807203263044357,0.0024027451872825623,0.0003399848355911672
14900,7450,0.05588776618242264,0.05413910374045372,0.0017486598808318377,0.0003400642890483141
14910,7455,0.048156268894672394,0.046685345470905304,0.001470925286412239,0.0003399450797587633
14920,7460,0.05481777340173721,0.05308650806546211,0.0017312625423073769,0.00033962720772251487
14930,7465,0.04923704266548157,0.04735773801803589,0.001879307208582759,0.0003400642890483141
14940,7470,0.0533091276884079,0.051307328045368195,0.0020018010400235653,0.0003394682426005602
14950,7475,0.05906720086932182,0.05649441480636597,0.002572789788246155,0.0003394682426005602
14960,7480,0.048320792615413666,0.04671947658061981,0.0016013149870559573,0.00033970666117966175
14970,7485,0.05401914566755295,0.05221495032310486,0.0018041967414319515,0.00033970666117966175
14980,7490,0.05560113117098808,0.054186515510082245,0.001414614263921976,0.0003399848355911672
14990,7495,0.051907241344451904,0.050422534346580505,0.0014847104903310537,0.00033974641701206565
15000,7500,0.05026159808039665,0.048684943467378616,0.0015766569413244724,0.0003387529868632555
15010,7505,0.04593808948993683,0.044554293155670166,0.001383799477480352,0.00033871326013468206
15020,7510,0.05163339525461197,0.04963964968919754,0.0019937448669224977,0.00033990535303018987
15030,7515,0.05106838047504425,0.04965190589427948,0.001416479586623609,0.00033903116127476096
15040,7520,0.05593530833721161,0.05431002378463745,0.0016252812929451466,0.0003396669344510883
15050,7525,0.049554068595170975,0.04787416756153107,0.001679897541180253,0.0003399848355911672
15060,7530,0.05125139653682709,0.049706872552633286,0.0015445228200405836,0.00033871326013468206
15070,7535,0.04777538776397705,0.04624171555042267,0.0015336689539253712,0.0003391900972928852
15080,7540,0.060752369463443756,0.05832580104470253,0.0024265728425234556,0.0003387529868632555
15090,7545,0.05185406655073166,0.04967619478702545,0.00217787129804492,0.0003388721961528063
15100,7550,0.045347586274147034,0.04368796572089195,0.0016596221830695868,0.00033871326013468206
15110,7555,0.051164112985134125,0.04940003529191017,0.0017640733858570457,0.0003392298240214586
15120,7560,0.041689448058605194,0.040302492678165436,0.001386955613270402,0.00033843511482700706
15130,7565,0.05366278067231178,0.051374755799770355,0.0022880241740494967,0.0003381966962479055
15140,7570,0.04517162963747978,0.04338614270091057,0.0017854883335530758,0.000340104044880718
15150,7575,0.05448361486196518,0.05268913507461548,0.0017944860737770796,0.00033839535899460316
15160,7580,0.06123313307762146,0.059352509677410126,0.0018806230509653687,0.00033942851587198675
15170,7585,0.05546291172504425,0.053289346396923065,0.0021735639311373234,0.0003396669344510883
15180,7590,0.04643251746892929,0.0449206680059433,0.001511847134679556,0.0003399450797587633
15190,7595,0.059412628412246704,0.05813702940940857,0.0012755985371768475,0.00033855432411655784
15200,7600,0.043739594519138336,0.041307494044303894,0.0024321014061570168,0.0003380774869583547
15210,7605,0.04524657875299454,0.043319761753082275,0.0019268139731138945,0.00033851456828415394
15220,7610,0.06223854795098305,0.06052471324801445,0.0017138333059847355,0.00033839535899460316
15230,7615,0.049188047647476196,0.04766619950532913,0.001521846279501915,0.00033843511482700706
15240,7620,0.04641364514827728,0.04512232542037964,0.0012913213577121496,0.00033779931254684925
15250,7625,0.0528055764734745,0.0512295663356781,0.001576010137796402,0.0003387529868632555
15260,7630,0.04751577600836754,0.0457528755068779,0.0017628982895985246,0.00033843511482700706
15270,7635,0.04796716570854187,0.0457608625292778,0.002206298988312483,0.00033752116723917425
15280,7640,0.0552205927670002,0.05349377542734146,0.0017268225783482194,0.00033811721368692815
15290,7645,0.04259970039129257,0.04086463525891304,0.0017350655980408192,0.00033871326013468206
15300,7650,0.045572325587272644,0.04388779401779175,0.001684534247033298,0.00033839535899460316
15310,7655,0.05225594341754913,0.05098447948694229,0.0012714657932519913,0.0003387529868632555
15320,7660,0.054813433438539505,0.05312547832727432,0.00168795813806355,0.0003386735334061086
15330,7665,0.049463532865047455,0.04833022505044937,0.001133303507231176,0.0003394682426005602
15340,7670,0.05267097055912018,0.050662022083997726,0.0020089515019208193,0.0003384748415555805
15350,7675,0.05130569264292717,0.04964345321059227,0.0016622375696897507,0.00033779931254684925
15360,7680,0.052687451243400574,0.05120910704135895,0.001478342805057764,0.0003381569404155016
15370,7685,0.057950302958488464,0.05560407042503357,0.0023462283425033092,0.0003381569404155016
15380,7690,0.05116913467645645,0.04950819909572601,0.0016609347658231854,0.0003384748415555805
15390,7695,0.04960183799266815,0.0475580170750618,0.002043825341388583,0.0003380774869583547
15400,7700,0.053124964237213135,0.05157012492418289,0.0015548373339697719,0.00033764037652872503
15410,7705,0.04645395278930664,0.044636040925979614,0.001817915472202003,0.0003383556322660297
15420,7710,0.057116732001304626,0.05546911805868149,0.001647617551498115,0.00033962720772251487
15430,7715,0.0579548105597496,0.05648038536310196,0.0014744261279702187,0.0003399848355911672
15440,7720,0.05737140402197838,0.055163267999887466,0.002208129270002246,0.00033883246942423284
15450,7725,0.048130013048648834,0.046531062573194504,0.0015989509411156178,0.00033851456828415394
15460,7730,0.04873965308070183,0.04629173129796982,0.002447923645377159,0.0003392695798538625
15470,7735,0.05181198567152023,0.05034235864877701,0.0014696274884045124,0.00033843511482700706
15480,7740,0.05262475460767746,0.05042293667793274,0.0022018160670995712,0.00033899140544235706
15490,7745,0.0512923002243042,0.049782756716012955,0.0015095459530130029,0.0003390708880033344
15500,7750,0.057669755071401596,0.055449556559324265,0.0022202034015208483,0.00033883246942423284
15510,7755,0.05328436940908432,0.05157508701086044,0.0017092893831431866,0.00033871326013468206
15520,7760,0.04620618373155594,0.04425327479839325,0.0019529098644852638,0.00034002456231974065
15530,7765,0.0704449862241745,0.06867985427379608,0.0017651282250881195,0.0003401834983378649
15540,7770,0.05266425758600235,0.050641242414712906,0.0020230163354426622,0.00033930930658243597
15550,7775,0.04801877588033676,0.0465170219540596,0.001501755672506988,0.0003399450797587633
15560,7780,0.05253395438194275,0.050871942192316055,0.0016620091628283262,0.00033915037056431174
15570,7785,0.0463472455739975,0.04467596486210823,0.0016712804790586233,0.0003386337775737047
15580,7790,0.05395118147134781,0.051878198981285095,0.002072985051199794,0.00033855432411655784
15590,7795,0.04694283753633499,0.04534684494137764,0.001595990965142846,0.0003397861437406391
15600,7800,0.05436919629573822,0.05306335538625717,0.0013058397453278303,0.0003394682426005602
15610,7805,0.047497786581516266,0.0456683412194252,0.0018294467590749264,0.0003401834983378649
15620,7810,0.03935084491968155,0.03810267522931099,0.0012481680605560541,0.00034014377160929143
15630,7815,0.0612015575170517,0.0590040422976017,0.002197510562837124,0.000340382190188393
15640,7820,0.052824717015028,0.050979793071746826,0.0018449234776198864,0.00033962720772251487
15650,7825,0.04286175221204758,0.04134025424718857,0.0015214955201372504,0.0003401834983378649
15660,7830,0.05160738527774811,0.04995933920145035,0.0016480403719469905,0.00033990535303018987
15670,7835,0.04912193864583969,0.047546908259391785,0.0015750285238027573,0.00033982587046921253
15680,7840,0.04746565595269203,0.045675210654735565,0.0017904448322951794,0.00033986562630161643
15690,7845,0.06137000396847725,0.05900098383426666,0.0023690226953476667,0.00034046167274937034
15700,7850,0.05636387690901756,0.05431479960680008,0.0020490761380642653,0.00033974641701206565
15710,7855,0.05934698134660721,0.0578477680683136,0.001499213045462966,0.00034030270762741566
15720,7860,0.05890573561191559,0.0570533350110054,0.0018523973412811756,0.0003392298240214586
15730,7865,0.05403388664126396,0.05253291875123978,0.0015009678900241852,0.00033855432411655784
15740,7870,0.05921728163957596,0.057469435036182404,0.001747847767546773,0.0003389516787137836
15750,7875,0.05196782201528549,0.04981532692909241,0.0021524974144995213,0.0003387529868632555
15760,7880,0.04846075922250748,0.04658585786819458,0.0018749007722362876,0.00033779931254684925
15770,7885,0.051541768014431,0.04985105246305466,0.0016907197423279285,0.0003382761497050524
15780,7890,0.05052500218153,0.049053654074668884,0.001471346477046609,0.0003386337775737047
15790,7895,0.04712885990738869,0.045346200466156006,0.0017826587427407503,0.00033942851587198675
15800,7900,0.05545702204108238,0.05341475084424019,0.0020422714296728373,0.0003386337775737047
15810,7905,0.05204806476831436,0.05073809623718262,0.0013099663192406297,0.00033871326013468206
15820,7910,0.06231824308633804,0.06116534769535065,0.001152894226834178,0.0003382761497050524
15830,7915,0.04818277060985565,0.04677307605743408,0.001409697812050581,0.0003387927426956594
15840,7920,0.04347199946641922,0.04150981456041336,0.0019621846731752157,0.00033930930658243597
15850,7925,0.04185650497674942,0.03986828401684761,0.001988227479159832,0.0003387927426956594
15860,7930,0.05489278957247734,0.05318639427423477,0.0017063928535208106,0.00033930930658243597
15870,7935,0.05926268920302391,0.05762375891208649,0.001638931455090642,0.0003392298240214586
15880,7940,0.04452268034219742,0.0428752675652504,0.0016474142903462052,0.00033883246942423284
15890,7945,0.05604042857885361,0.05406208336353302,0.0019783424213528633,0.00033768010325729847
15900,7950,0.05286170542240143,0.05127740651369095,0.0015842972788959742,0.0003380377311259508
15910,7955,0.05753091722726822,0.056029342114925385,0.001501576043665409,0.00033736223122105
15920,7960,0.04374311864376068,0.04241519048810005,0.001327928388491273,0.0003386735334061086
15930,7965,0.05107259005308151,0.0497455894947052,0.0013269939227029681,0.00033986562630161643
15940,7970,0.05350586399435997,0.05196801945567131,0.0015378419775515795,0.0003391900972928852
15950,7975,0.05512668192386627,0.053507957607507706,0.0016187243163585663,0.0003385940508451313
15960,7980,0.05367274954915047,0.052518330514431,0.0011544226435944438,0.00033795827766880393
15970,7985,0.05210723355412483,0.05096518620848656,0.0011420478112995625,0.00033811721368692815
15980,7990,0.05490962788462639,0.05362804979085922,0.0012815778609365225,0.00033855432411655784
15990,7995,0.051076360046863556,0.04933837801218033,0.0017379752825945616,0.00033768010325729847
16000,8000,0.04780766740441322,0.046539969742298126,0.0012676980113610625,0.0003386337775737047
16010,8005,0.04853464663028717,0.046642325818538666,0.0018923188326880336,0.0003384748415555805
16020,8010,0.05130726099014282,0.04949139803647995,0.001815858413465321,0.00033823642297647893
16030,8015,0.05077003315091133,0.049142610281705856,0.0016274185618385673,0.0003383159055374563
16040,8020,0.05643261969089508,0.05505571514368057,0.0013769051292911172,0.0003374814405106008
16050,8025,0.049895789474248886,0.04763656109571457,0.002259232336655259,0.00033839535899460316
16060,8030,0.0574316680431366,0.055773623287677765,0.0016580403316766024,0.00033712381264194846
16070,8035,0.05128376930952072,0.04993811249732971,0.001345658558420837,0.00033764037652872503
16080,8040,0.055675067007541656,0.05429529398679733,0.001379770808853209,0.00033839535899460316
16090,8045,0.060009390115737915,0.05806456506252289,0.0019448313396424055,0.00033855432411655784
16100,8050,0.050386518239974976,0.04867977648973465,0.0017067379085347056,0.00033795827766880393
16110,8055,0.05031638592481613,0.04842303693294525,0.0018933467799797654,0.0003386735334061086
16120,8060,0.05012654513120651,0.04826153814792633,0.0018650058191269636,0.0003388721961528063
16130,8065,0.04318266734480858,0.04166170954704285,0.0015209586126729846,0.00033974641701206565
16140,8070,0.03973672538995743,0.03833167999982834,0.0014050437603145838,0.0003391900972928852
16150,8075,0.0454670749604702,0.043848779052495956,0.0016182962572202086,0.0003391900972928852
16160,8080,0.06109055504202843,0.05895449221134186,0.00213606096804142,0.0003383556322660297
16170,8085,0.04481677711009979,0.042932603508234024,0.0018841749988496304,0.0003384748415555805
16180,8090,0.04906180500984192,0.047640424221754074,0.0014213810209184885,0.00033915037056431174
16190,8095,0.04802258312702179,0.0466497540473938,0.0013728300109505653,0.00033811721368692815
16200,8100,0.04984087124466896,0.04837335646152496,0.0014675164129585028,0.0003389119519852102
16210,8105,0.057328835129737854,0.056134648621082306,0.0011941848788410425,0.00034014377160929143
16220,8110,0.05217544361948967,0.05028388649225235,0.0018915588734671474,0.00033883246942423284
16230,8115,0.04885440319776535,0.047386348247528076,0.0014680555323138833,0.00033958745189011097
16240,8120,0.04706621170043945,0.04564728960394859,0.0014189211651682854,0.00033982587046921253
16250,8125,0.04981327801942825,0.04826011881232262,0.001553158974274993,0.00033899140544235706
16260,8130,0.05837918072938919,0.056699082255363464,0.0016800978919491172,0.0003397861437406391
16270,8135,0.05310666188597679,0.05162305384874344,0.0014836093178018928,0.00033930930658243597
16280,8140,0.05734904482960701,0.055672336369752884,0.0016767045017331839,0.0003391900972928852
16290,8145,0.048091400414705276,0.04651753604412079,0.0015738655347377062,0.0003384748415555805
16300,8150,0.05485980212688446,0.0538501963019371,0.0010096043115481734,0.0003376006498001516
16310,8155,0.058260511606931686,0.05654604732990265,0.0017144622979685664,0.0003391900972928852
16320,8160,0.04450127109885216,0.042723581194877625,0.0017776875756680965,0.00033911061473190784
16330,8165,0.043969471007585526,0.04209262505173683,0.001876849215477705,0.00033855432411655784
16340,8170,0.05360026657581329,0.051421456038951874,0.002178814960643649,0.00033736223122105
16350,8175,0.05240605026483536,0.05067085847258568,0.0017351930728182197,0.00033771985908970237
16360,8180,0.05522911250591278,0.05359264463186264,0.001636463450267911,0.0003372827486600727
16370,8185,0.048195142298936844,0.046037815511226654,0.0021573281846940517,0.00033752116723917425
16380,8190,0.05691317468881607,0.054881077259778976,0.0020320951007306576,0.0003381966962479055
16390,8195,0.05660286173224449,0.0551200769841671,0.0014827868435531855,0.00033764037652872503
16400,8200,0.04551612213253975,0.04391111806035042,0.0016050026752054691,0.00033752116723917425
16410,8205,0.04722339287400246,0.045478422194719315,0.001744967419654131,0.00033740195794962347
16420,8210,0.04702351614832878,0.04530024528503418,0.0017232752870768309,0.00033724302193149924
16430,8215,0.050250496715307236,0.04867943003773689,0.0015710664447396994,0.00033720326609909534
16440,8220,0.05342662334442139,0.05187566578388214,0.001550951972603798,0.0003368853940628469
16450,8225,0.05042023956775665,0.048653777688741684,0.0017664621118456125,0.0003368853940628469
16460,8230,0.04381050914525986,0.04234246164560318,0.0014680454041808844,0.00033724302193149924
16470,8235,0.04274888336658478,0.04119245707988739,0.0015564293134957552,0.00033664697548374534
16480,8240,0.04669622704386711,0.04525326192378998,0.0014429715229198337,0.0003364085569046438
16490,8245,0.04635345935821533,0.04500003159046173,0.0013534282334148884,0.00033620986505411565
16500,8250,0.05034702271223068,0.048842743039131165,0.0015042826998978853,0.0003369648475199938
16510,8255,0.04796570539474487,0.046264052391052246,0.001701656263321638,0.0003368853940628469
16520,8260,0.06494124978780746,0.06322743743658066,0.001713816775009036,0.000336845638230443
16530,8265,0.0509658083319664,0.048867154866456985,0.002098658587783575,0.00033724302193149924
16540,8270,0.06258837878704071,0.06144943833351135,0.0011389355640858412,0.00033652776619419456
16550,8275,0.057422440499067307,0.056031838059425354,0.001390602090395987,0.0003372827486600727
16560,8280,0.050951264798641205,0.04958122968673706,0.0013700322015210986,0.00033783906837925315
16570,8285,0.040640927851200104,0.03897944837808609,0.0016614770283922553,0.00033851456828415394
16580,8290,0.05369245260953903,0.052206143736839294,0.001486308639869094,0.00033764037652872503
16590,8295,0.05082743987441063,0.049634724855422974,0.0011927178129553795,0.00033708405680954456
16600,8300,0.046780094504356384,0.045131318271160126,0.0016487735556438565,0.0003371635393705219
16610,8305,0.04688058793544769,0.04581248760223389,0.0010681003332138062,0.00033740195794962347
16620,8310,0.0461176261305809,0.044673431664705276,0.0014441951643675566,0.0003376006498001516
16630,8315,0.05258308723568916,0.051005925983190536,0.0015771640464663506,0.00033779931254684925
16640,8320,0.053627900779247284,0.052072763442993164,0.0015551397809758782,0.0003366867022123188
16650,8325,0.04765520617365837,0.04609009250998497,0.0015651127323508263,0.0003377595858182758
16660,8330,0.04828493297100067,0.0470757856965065,0.0012091458775103092,0.0003370443300809711
16670,8335,0.05357903987169266,0.052475377917289734,0.0011036657961085439,0.00033632907434366643
16680,8340,0.05170804262161255,0.05020526796579361,0.001502774190157652,0.0003367264289408922
16690,8345,0.05096723139286041,0.049538761377334595,0.0014284648932516575,0.00033708405680954456
16700,8350,0.049231067299842834,0.04740976169705391,0.0018213060684502125,0.00033660721965134144
16710,8355,0.04731426015496254,0.04575461521744728,0.0015596462180837989,0.0003371635393705219
16720,8360,0.05717526003718376,0.0555383563041687,0.0016368997748941183,0.0003359714464750141
16730,8365,0.05710064619779587,0.055457718670368195,0.0016429303213953972,0.0003374814405106008
16740,8370,0.04705164581537247,0.045796625316143036,0.0012550204992294312,0.0003376006498001516
16750,8375,0.04010947048664093,0.03876747936010361,0.0013419883325695992,0.00033664697548374534
16760,8380,0.05561920255422592,0.0536428764462471,0.0019763249438256025,0.0003359714464750141
16770,8385,0.04498089849948883,0.04352119565010071,0.0014597021508961916,0.00033605092903599143
16780,8390,0.05173693597316742,0.0505385547876358,0.0011983852600678802,0.0003375608939677477
16790,8395,0.057892806828022,0.05652698874473572,0.0013658152893185616,0.00033708405680954456
16800,8400,0.05473222956061363,0.053346194326877594,0.0013860361650586128,0.0003370046033523977
16810,8405,0.055807750672101974,0.05436308681964874,0.0014446600107476115,0.0003370046033523977
16820,8410,0.043667711317539215,0.0422254242002964,0.001442284556105733,0.0003372827486600727
16830,8415,0.060601841658353806,0.05914340540766716,0.0014584347372874618,0.0003374814405106008
16840,8420,0.04901595413684845,0.04765302687883377,0.0013629293534904718,0.00033720326609909534
16850,8425,0.05600669980049133,0.054395098239183426,0.0016115978360176086,0.0003366867022123188
16860,8430,0.051111120730638504,0.04992859438061714,0.0011825254186987877,0.0003367264289408922
16870,8435,0.05046771466732025,0.04901016876101494,0.0014575452078133821,0.0003366867022123188
16880,8440,0.04203040152788162,0.04065651819109917,0.001373883686028421,0.0003366867022123188
16890,8445,0.053994566202163696,0.05260031297802925,0.0013942497316747904,0.0003370443300809711
16900,8450,0.049513690173625946,0.04790894314646721,0.0016047472599893808,0.00033708405680954456
16910,8455,0.05863756313920021,0.05722861737012863,0.0014089447213336825,0.0003382761497050524
16920,8460,0.04708445444703102,0.04519735276699066,0.0018871049396693707,0.00033768010325729847
16930,8465,0.053773362189531326,0.05224071443080902,0.0015326438006013632,0.00033664697548374534
16940,8470,0.04173866659402847,0.04035845026373863,0.001380216795951128,0.00033752116723917425
16950,8475,0.04848532751202583,0.04630834609270096,0.0021769858431071043,0.000336845638230443
16960,8480,0.05519934371113777,0.05322349816560745,0.001975846476852894,0.00033708405680954456
16970,8485,0.060228459537029266,0.0591234490275383,0.0011050100438296795,0.0003368853940628469
16980,8490,0.05290757119655609,0.05141409859061241,0.001493468414992094,0.0003381569404155016
16990,8495,0.04896198585629463,0.047541867941617966,0.0014201195444911718,0.0003382761497050524
17000,8500,0.04599480703473091,0.044457778334617615,0.001537022995762527,0.00033736223122105
17010,8505,0.053463928401470184,0.05197237432003021,0.0014915511710569263,0.00033708405680954456
17020,8510,0.05101333558559418,0.04934944584965706,0.0016638883389532566,0.00033791852183640003
17030,8515,0.050633374601602554,0.04851263761520386,0.002120736986398697,0.0003374814405106008
17040,8520,0.042071908712387085,0.040912941098213196,0.001158969709649682,0.0003376006498001516
17050,8525,0.06508451700210571,0.06354519724845886,0.001539319520816207,0.0003367661847732961
17060,8530,0.05449501425027847,0.05284246802330017,0.0016525445971637964,0.00033632907434366643
17070,8535,0.05585379898548126,0.05370161682367325,0.002152186119928956,0.00033736223122105
17080,8540,0.045671120285987854,0.044372543692588806,0.001298579154536128,0.00033720326609909534
17090,8545,0.04250173270702362,0.040806844830513,0.0016948911361396313,0.0003374814405106008
17100,8550,0.048023998737335205,0.04625821113586426,0.0017657873686403036,0.0003383556322660297
17110,8555,0.05093013122677803,0.04941880330443382,0.0015113269910216331,0.0003385940508451313
17120,8560,0.04798876494169235,0.04617127403616905,0.001817486947402358,0.00033791852183640003
17130,8565,0.0508509986102581,0.04934050142765045,0.0015105002094060183,0.00033752116723917425
17140,8570,0.04515786096453667,0.04355791583657265,0.0015999430324882269,0.0003372827486600727
17150,8575,0.049844399094581604,0.04821368306875229,0.0016307136975228786,0.0003380377311259508
17160,8580,0.05453052744269371,0.0529467836022377,0.0015837405808269978,0.0003375608939677477
17170,8585,0.04415001720190048,0.042377788573503494,0.0017722261836752295,0.00033740195794962347
17180,8590,0.05961121618747711,0.05826752260327339,0.0013436945155262947,0.0003370443300809711
17190,8595,0.056893810629844666,0.055335987359285355,0.001557824551127851,0.00033708405680954456
17200,8600,0.05692002922296524,0.05508870631456375,0.0018313296604901552,0.00033664697548374534
17210,8605,0.043167728930711746,0.04167737811803818,0.0014903537230566144,0.00033660721965134144
17220,8610,0.059625595808029175,0.05803687125444412,0.0015887258341535926,0.00033561381860636175
17230,8615,0.05019502714276314,0.04845907911658287,0.0017359491903334856,0.00033501777215860784
17240,8620,0.049515411257743835,0.0483059287071228,0.0012094848789274693,0.0003354151267558336
17250,8625,0.05629855766892433,0.054709769785404205,0.0015887916088104248,0.0003356933011673391
17260,8630,0.05268266424536705,0.05108466371893883,0.0015979984309524298,0.00033581251045688987
17270,8635,0.0649932399392128,0.06345406174659729,0.0015391726046800613,0.0003359714464750141
17280,8640,0.05087776854634285,0.04909016191959381,0.0017876075580716133,0.0003361701383255422
17290,8645,0.05192878097295761,0.05080591142177582,0.0011228767689317465,0.0003361303824931383
17300,8650,0.05143126845359802,0.049569107592105865,0.001862156204879284,0.00033593171974644065
17310,8655,0.04701559618115425,0.045325540006160736,0.0016900531481951475,0.00033442172571085393
17320,8660,0.03958434984087944,0.03824558109045029,0.0013387674698606133,0.00033462041756138206
17330,8665,0.047668054699897766,0.04601571708917618,0.0016523351659998298,0.00033418330713175237
17340,8670,0.03185904026031494,0.030015477910637856,0.0018435639794915915,0.00033609065576456487
17350,8675,0.05342626944184303,0.0522104948759079,0.0012157741002738476,0.00033609065576456487
17360,8680,0.05232632905244827,0.05101773887872696,0.001308595179580152,0.0003354151267558336
17370,8685,0.051837339997291565,0.04923267662525177,0.0026046624407172203,0.00033501777215860784
17380,8690,0.046832598745822906,0.04511179402470589,0.0017208028584718704,0.0003346601442899555
17390,8695,0.04746018350124359,0.046369846910238266,0.0010903353104367852,0.00033390516182407737
17400,8700,0.03847068175673485,0.03646142780780792,0.0020092518534511328,0.0003345012082718313
17410,8705,0.06229419261217117,0.06079648807644844,0.001497702905908227,0.00033529591746628284
17420,8710,0.0561392605304718,0.05465612933039665,0.0014831286389380693,0.0003342627896927297
17430,8715,0.05685354024171829,0.0551118440926075,0.001741694170050323,0.00033469987101852894
17440,8720,0.04700901359319687,0.04512222111225128,0.0018867891049012542,0.00033418330713175237
17450,8725,0.05652754008769989,0.054845765233039856,0.0016817768337205052,0.0003337859525345266
17460,8730,0.04879731684923172,0.04741477966308594,0.0013825392816215754,0.0003347793535795063
17470,8735,0.046943243592977524,0.04493160545825958,0.002011640928685665,0.00033473962685093284
17480,8740,0.048653144389390945,0.04737217351794243,0.0012809709878638387,0.0003343819989822805
17490,8745,0.05876060575246811,0.0572027713060379,0.001557832001708448,0.0003342627896927297
17500,8750,0.04251084476709366,0.041016191244125366,0.0014946517767384648,0.00033501777215860784
17510,8755,0.05208175256848335,0.0501297302544117,0.001952021149918437,0.00033442172571085393
17520,8760,0.042857855558395386,0.041768722236156464,0.0010891295969486237,0.0003349382895976305
17530,8765,0.05445154756307602,0.05281631648540497,0.0016352367820218205,0.0003350972547195852
17540,8770,0.05429520457983017,0.05315520986914635,0.001139991800300777,0.00033593171974644065
17550,8775,0.04479565471410751,0.04313229024410248,0.0016633658669888973,0.00033462041756138206
17560,8780,0.04076705127954483,0.03899965435266495,0.0017673894762992859,0.00033382567926310003
17570,8785,0.05527911335229874,0.053641729056835175,0.0016373821999877691,0.00033561381860636175
17580,8790,0.05420397222042084,0.05261294171214104,0.0015910326037555933,0.0003354548825882375
17590,8795,0.05246452987194061,0.05093662440776825,0.0015279066283255816,0.00033529591746628284
17600,8800,0.05726826190948486,0.05569992959499359,0.0015683325473219156,0.00033489856286905706
17610,8805,0.05207191780209541,0.05066490173339844,0.0014070180477574468,0.00033430251642130315
17620,8810,0.04547147452831268,0.043263256549835205,0.0022082175128161907,0.0003343422431498766
17630,8815,0.04497889429330826,0.04262898862361908,0.002349906601011753,0.00033561381860636175
17640,8820,0.04718092083930969,0.045538339763879776,0.0016425796784460545,0.00033473962685093284
17650,8825,0.04175961762666702,0.03981580585241318,0.001943807816132903,0.00033581251045688987
17660,8830,0.04560674726963043,0.044230226427316666,0.0013765220064669847,0.00033489856286905706
17670,8835,0.04622964933514595,0.04489626735448837,0.0013333772076293826,0.0003352561907377094
17680,8840,0.04846590757369995,0.04734673351049423,0.001119169988669455,0.0003358522371854633
17690,8845,0.051107220351696014,0.04963187873363495,0.0014753426657989621,0.000336289347615093
17700,8850,0.04125580936670303,0.039537087082862854,0.0017187222838401794,0.00033521646400913596
17710,8855,0.04064537212252617,0.03874965384602547,0.001895722234621644,0.0003348588361404836
17720,8860,0.05421282351016998,0.05283727869391441,0.0013755486579611897,0.00033529591746628284
17730,8865,0.05887400358915329,0.057613976299762726,0.0012600256595760584,0.00033462041756138206
17740,8870,0.05580601096153259,0.05389050394296646,0.0019155062036588788,0.00033458066172897816
17750,8875,0.045136552304029465,0.04378122463822365,0.0013553265016525984,0.00033609065576456487
17760,8880,0.04849836230278015,0.04648827761411667,0.0020100893452763557,0.00033577275462448597
17770,8885,0.04565764218568802,0.043566521257162094,0.0020911218598484993,0.00033593171974644065
17780,8890,0.0450216680765152,0.043268874287605286,0.0017527941381558776,0.00033609065576456487
17790,8895,0.05809707194566727,0.05641908198595047,0.0016779906582087278,0.0003364085569046438
17800,8900,0.051674701273441315,0.04975055158138275,0.0019241506233811378,0.00033581251045688987
17810,8905,0.04204878211021423,0.040635846555233,0.001412936020642519,0.0003367661847732961
17820,8910,0.04242967441678047,0.04118620976805687,0.0012434660457074642,0.0003366867022123188
17830,8915,0.05660758912563324,0.05546150729060173,0.0011460857931524515,0.00033577275462448597
17840,8920,0.05137276276946068,0.050061699002981186,0.0013110671425238252,0.0003373224753886461
17850,8925,0.05181151628494263,0.05031578615307808,0.001495729899033904,0.00033736223122105
17860,8930,0.048280660063028336,0.04642737656831741,0.0018532800022512674,0.00033660721965134144
17870,8935,0.051402896642684937,0.05013779178261757,0.0012651056749746203,0.00033664697548374534
17880,8940,0.046244196593761444,0.04484972357749939,0.001394473947584629,0.00033768010325729847
17890,8945,0.05457400903105736,0.053669869899749756,0.0009041356388479471,0.0003356933011673391
17900,8950,0.05075595900416374,0.04961632564663887,0.001139635918661952,0.0003358522371854633
17910,8955,0.044220779091119766,0.04273931309580803,0.0014814671594649553,0.0003349780454300344
17920,8960,0.05480955168604851,0.0535878911614418,0.0012216586619615555,0.0003349780454300344
17930,8965,0.049087777733802795,0.047490913420915604,0.0015968636143952608,0.0003344614524394274
17940,8970,0.04849203675985336,0.046980708837509155,0.0015113276895135641,0.0003356933011673391
17950,8975,0.04577881842851639,0.044745687395334244,0.0010331327794119716,0.00033609065576456487
17960,8980,0.04290313646197319,0.040999092161655426,0.0019040434854105115,0.0003355343360453844
17970,8985,0.04523143172264099,0.04404974356293678,0.0011816867627203465,0.00033473962685093284
17980,8990,0.05234037712216377,0.05052734538912773,0.0018130335956811905,0.00033593171974644065
17990,8995,0.05124550685286522,0.04932315647602081,0.001922351773828268,0.0003355343360453844
18000,9000,0.05383457988500595,0.05212274566292763,0.0017118301475420594,0.0003354548825882375
